"code";"label-en_US";"allowed_extensions";"auto_option_sorting";"available_locales";"date_max";"date_min";"decimals_allowed";"default_metric_unit";"group";"localizable";"max_characters";"max_file_size";"metric_family";"minimum_input_length";"negative_allowed";"number_max";"number_min";"reference_data_name";"scopable";"sort_order";"type";"unique";"useable_as_grid_filter";"validation_regexp";"validation_rule";"wysiwyg_enabled"
"sku";"UNIQUE ID";"";"";"";"";"";"";"";"PRODUCT";"0";"";"";"";"";"";"";"";"";"0";"0";"pim_catalog_identifier";"1";"1";"";"";""
"MANU_SHORT";"MANU_SHORT";"";"";"";"";"";"";"";"erp";"0";"";"";"";"";"";"";"";"";"0";"3";"pim_catalog_text";"0";"1";"";"";""
"BRAND_NAME";"BRAND_NAME";"";"";"";"";"";"";"";"erp";"0";"";"";"";"";"";"";"";"";"0";"8";"pim_catalog_text";"0";"0";"";"";""
"BRAND_OWNER_NAME";"BRAND_OWNER_NAME";"";"";"";"";"";"";"";"erp";"0";"";"";"";"";"";"";"";"";"0";"9";"pim_catalog_text";"0";"0";"";"";""
"BRAND_OWNER_LOCATION";"BRAND_OWNER_LOCATION";"";"";"";"";"";"";"";"erp";"0";"";"";"";"";"";"";"";"";"0";"10";"pim_catalog_text";"0";"0";"";"";""
"BRAND_OWNER_GLN";"BRAND_OWNER_GLN";"";"";"";"";"";"";"";"erp";"0";"";"";"";"";"";"";"";"";"0";"11";"pim_catalog_text";"0";"0";"";"";""
"MANUFACTURER_LOCATION";"MANUFACTURER_LOCATION";"";"";"";"";"";"";"";"erp";"0";"";"";"";"";"";"";"";"";"0";"5";"pim_catalog_text";"0";"0";"";"";""
"MANUFACTURER_GLN";"MANUFACTURER_GLN";"";"";"";"";"";"";"";"erp";"0";"";"";"";"";"";"";"";"";"0";"6";"pim_catalog_text";"0";"0";"";"";""
"MANUFACTURER_PART_NUM";"MANUFACTURER_PART_NUM";"";"";"";"";"";"";"";"erp";"0";"";"";"";"";"";"";"";"";"0";"12";"pim_catalog_text";"0";"0";"";"";""
"COUNTRY_OF_ORIGIN";"COUNTRY_OF_ORIGIN";"";"";"";"";"";"";"";"erp";"0";"";"";"";"";"";"";"";"";"0";"7";"pim_catalog_simpleselect";"0";"0";"";"";""
"price_reference";"PRICE_REFERENCE";"";"";"";"";"";"1";"";"PRODUCT";"0";"";"";"";"";"";"";"";"";"0";"3";"pim_catalog_price_collection";"0";"1";"";"";""
"ITEM_DESCRIPTION";"ITEM_DESCRIPTION";"";"";"";"";"";"";"";"ITEM_OPTIONS";"0";"";"";"";"";"";"";"";"";"0";"0";"pim_catalog_text";"0";"1";"";"";""
"SHELF_LIFE_DAYS";"SHELF_LIFE_DAYS";"";"";"";"";"";"0";"";"ITEM_OPTIONS";"0";"";"";"";"";"0";"";"";"";"0";"1";"pim_catalog_number";"0";"1";"";"";""
"STORAGE_INSTRUCTIONS";"STORAGE_INSTRUCTIONS";"";"";"";"";"";"";"";"ITEM_OPTIONS";"0";"";"";"";"";"";"";"";"";"0";"4";"pim_catalog_text";"0";"1";"";"";""
"TRADE_ITEM_UNIT_DESCRIPTOR";"TRADE_ITEM_UNIT_DESCRIPTOR";"";"";"";"";"";"";"";"ITEM_UOM";"0";"";"";"";"";"";"";"";"";"0";"2";"pim_catalog_simpleselect";"0";"0";"";"";""
"NET_CONTENT";"NET_CONTENT";"";"";"";"";"";"0";"";"ITEM_UOM";"0";"";"";"";"";"0";"";"";"";"0";"0";"pim_catalog_number";"0";"1";"";"";""
"NET_CONTENT_UOM";"NET_CONTENT_UOM";"";"1";"";"";"";"";"";"ITEM_UOM";"0";"";"";"";"";"";"";"";"";"0";"1";"pim_catalog_simpleselect";"0";"1";"";"";""
"PRODUCT_DESCRIPTION";"PRODUCT_DESCRIPTION";"";"";"";"";"";"";"";"PRODUCT";"0";"";"";"";"";"";"";"";"";"0";"1";"pim_catalog_text";"0";"1";"";"";""
"STRENGTH";"STRENGTH";"";"";"";"";"";"";"";"PRODUCT";"0";"";"";"";"";"";"";"";"";"0";"8";"pim_catalog_text";"0";"1";"";"";""
"ACTIVE_INGREDIENT";"ACTIVE_INGREDIENT";"";"";"";"";"";"";"";"PRODUCT";"0";"";"";"";"";"";"";"";"";"0";"9";"pim_catalog_text";"0";"1";"";"";""
"DOSAGE_FORM";"DOSAGE_FORM";"";"";"";"";"";"";"";"PRODUCT";"0";"";"";"";"";"";"";"";"";"0";"5";"pim_catalog_simpleselect";"0";"1";"";"";""
"ROUTE_OF_ADMINISTRATION";"ROUTE_OF_ADMINISTRATION";"";"1";"";"";"";"";"";"PRODUCT";"0";"";"";"";"";"";"";"";"";"0";"6";"pim_catalog_simpleselect";"0";"1";"";"";""
"UNSPSC_CODE";"UNSPSC_CODE";"";"";"";"";"";"";"";"PRODUCT_CODING";"0";"";"";"";"";"";"";"";"";"0";"6";"pim_catalog_text";"0";"1";"";"";""
"GPC_CODE";"GPC_CODE";"";"";"";"";"";"";"";"PRODUCT_CODING";"0";"";"";"";"";"";"";"";"";"0";"7";"pim_catalog_text";"0";"0";"";"";""
"ATC_CODE";"ATC_CODE";"";"";"";"";"";"";"";"PRODUCT_CODING";"0";"";"";"";"";"";"";"";"";"0";"5";"pim_catalog_text";"0";"0";"";"";""
"ParentID";"PARENTID";"";"";"";"";"";"";"";"PRODUCT_CODING";"0";"";"";"";"";"";"";"";"";"0";"0";"pim_catalog_text";"0";"0";"";"";""
"GTIN_UNIT_LEVEL";"GTIN_UNIT_LEVEL";"";"";"";"";"";"";"";"PRODUCT_CODING";"0";"";"";"";"";"";"";"";"";"0";"2";"pim_catalog_text";"0";"1";"";"";""
"FREQUENCY";"FREQUENCY";"";"";"";"";"";"";"";"PRODUCT";"0";"";"";"";"";"";"";"";"";"0";"4";"pim_catalog_text";"0";"1";"";"";""
"GS1_TRADEITEMUNITDESCRIPTORCODE";"GS1 Trade Item Unit Descriptor";"";"1";"";"";"";"";"";"GS1_GENERAL_ITEM_INFORMATION";"0";"";"";"";"";"";"";"";"";"0";"1";"pim_catalog_simpleselect";"0";"1";"";"";""
"GS1_TARGETMARKETCOUNTRYCODE";"GS1 Target Market Country Code";"";"1";"";"";"";"";"";"GS1_GENERAL_ITEM_INFORMATION";"0";"";"";"";"";"";"";"";"";"0";"2";"pim_catalog_simpleselect";"0";"1";"";"";""
"GS1_BRANDNAME";"GS1 Brand Name";"";"";"";"";"";"";"";"GS1_GENERAL_ITEM_INFORMATION";"0";"70";"";"";"";"";"";"";"";"0";"3";"pim_catalog_text";"0";"1";"";"";""
"GS1_STARTAVAILABILITYDATETIME";"GS1 Start Availability Date Time";"";"";"";"";"";"";"";"GS1_GENERAL_ITEM_INFORMATION";"0";"";"";"";"";"";"";"";"";"0";"7";"pim_catalog_date";"0";"1";"";"";""
"GS1_DATACARRIERTYPECODE";"GS1 Data Carrier Type Code";"";"1";"";"";"";"";"";"GS1_GENERAL_ITEM_INFORMATION";"0";"";"";"";"";"";"";"";"";"0";"9";"pim_catalog_simpleselect";"0";"1";"";"";""
"GS1_ISTRADEITEMACONSUMERUNIT";"GS1 Is Trade Item A Consumer Unit";"";"";"";"";"";"";"";"GS1_UNIT_INDICATORS";"0";"";"";"";"";"";"";"";"";"0";"1";"pim_catalog_boolean";"0";"1";"";"";""
"GS1_ISTRADEITEMADESPATCHUNIT";"GS1 Is Trade Item A Despatch Unit";"";"";"";"";"";"";"";"GS1_UNIT_INDICATORS";"0";"";"";"";"";"";"";"";"";"0";"2";"pim_catalog_boolean";"0";"1";"";"";""
"GS1_ISTRADEITEMANORDERABLEUNIT";"GS1 Is Trade Item An Orderable Unit";"";"";"";"";"";"";"";"GS1_UNIT_INDICATORS";"0";"";"";"";"";"";"";"";"";"0";"4";"pim_catalog_boolean";"0";"0";"";"";""
"GS1_TRADEITEMDESCRIPTION";"GS1 Trade Item Description";"";"";"";"";"";"";"";"GS1_PRODUCT_DESCRIPTION_INFORMATION";"0";"200";"";"";"";"";"";"";"";"0";"0";"pim_catalog_text";"0";"1";"";"";""
"GS1_TRADEITEMDESCRIPTION_LANGUAGECODE";"GS1 Trade Item Description Language Code";"";"1";"";"";"";"";"";"GS1_PRODUCT_DESCRIPTION_INFORMATION";"0";"";"";"";"";"";"";"";"";"0";"1";"pim_catalog_simpleselect";"0";"0";"";"";""
"GS1_HEIGHT";"GS1 Height";"";"";"";"";"";"1";"";"GS1_DIMENSIONS";"0";"";"";"";"";"1";"";"";"";"0";"6";"pim_catalog_number";"0";"0";"";"";""
"GS1_HEIGHT_MEASUREMENTUNITCODE";"GS1 Height Unit Of Measurement";"";"1";"";"";"";"";"";"GS1_DIMENSIONS";"0";"";"";"";"";"";"";"";"";"0";"7";"pim_catalog_simpleselect";"0";"0";"";"";""
"GS1_NETWEIGHT";"GS1 Net Weight";"";"";"";"";"";"1";"";"GS1_DIMENSIONS";"0";"";"";"";"";"1";"";"";"";"0";"8";"pim_catalog_number";"0";"0";"";"";""
"GS1_NETWEIGHT_MEASUREMENTUNITCODE";"GS1 Net Weight Unit Of Measurement";"";"1";"";"";"";"";"";"GS1_DIMENSIONS";"0";"";"";"";"";"";"";"";"";"0";"9";"pim_catalog_simpleselect";"0";"0";"";"";""
"GS1_INBOXCUBEDIMENSION";"GS1 Volume";"";"";"";"";"";"1";"";"GS1_DIMENSIONS";"0";"";"";"";"";"1";"";"";"";"0";"10";"pim_catalog_number";"0";"0";"";"";""
"GS1_VOLUME_MEASUREMENTUNITCODE";"GS1 Volume Unit Of Measurement";"";"1";"";"";"";"";"";"GS1_DIMENSIONS";"0";"";"";"";"";"";"";"";"";"0";"11";"pim_catalog_simpleselect";"0";"0";"";"";""
"GS1_WIDTH";"GS1 Width";"";"";"";"";"";"1";"";"GS1_DIMENSIONS";"0";"";"";"";"";"1";"";"";"";"0";"12";"pim_catalog_number";"0";"0";"";"";""
"GS1_WIDTH_MEASUREMENTUNITCODE";"GS1 Width Unit Of Measurement";"";"1";"";"";"";"";"";"GS1_DIMENSIONS";"0";"";"";"";"";"";"";"";"";"0";"13";"pim_catalog_simpleselect";"0";"0";"";"";""
"GS1_TOTALQUANTITYOFNEXTLOWERLEVELTRADEITEM";"GS1 Total Quantity of Next Lower Level Trade Item";"";"";"";"";"";"0";"";"GS1_HIERARCHY";"0";"";"";"";"";"0";"";"";"";"0";"4";"pim_catalog_number";"0";"0";"";"";""
"GS1_MINIMUMTRADEITEMLIFESPANFROMTIMEOFPRODUCTION";"GS1 Minimum Trade Item Lifespan From Production";"";"";"";"";"";"0";"";"GS1_STORAGE_HANDLING_SHELF_LIFE";"0";"";"";"";"";"0";"";"";"";"0";"5";"pim_catalog_number";"0";"0";"";"";""
"GS1_MINIMUMTEMPERATURE";"GS1 Minimum Storage Temperature";"";"";"";"";"";"1";"";"GS1_STORAGE_HANDLING_SHELF_LIFE";"0";"";"";"";"";"1";"";"";"";"0";"8";"pim_catalog_number";"0";"0";"";"";""
"GS1_MINIMUMTEMPERATURE_MEASUREMENTUNITCODE";"GS1 Minimum Storage Temperature UoM";"";"1";"";"";"";"";"";"GS1_STORAGE_HANDLING_SHELF_LIFE";"0";"";"";"";"";"";"";"";"";"0";"9";"pim_catalog_simpleselect";"0";"0";"";"";""
"GS1_MAXIMUMTEMPERATURE";"GS1 Maximum Storage Temperature";"";"";"";"";"";"1";"";"GS1_STORAGE_HANDLING_SHELF_LIFE";"0";"";"";"";"";"1";"";"";"";"0";"10";"pim_catalog_number";"0";"0";"";"";""
"GS1_MAXIMUMTEMPERATURE_MEASUREMENTUNITCODE";"GS1 Maximum Storage Temperature UoM";"";"1";"";"";"";"";"";"GS1_STORAGE_HANDLING_SHELF_LIFE";"0";"";"";"";"";"";"";"";"";"0";"11";"pim_catalog_simpleselect";"0";"0";"";"";""
"GS1_ADDITIONALTRADEITEMCLASSIFICATIONSYSTEMCODE";"GS1 Additional Trade Item Classification Scheme";"";"1";"";"";"";"";"";"GS1_CLASSIFICATIONS";"0";"";"";"";"";"";"";"";"";"0";"13";"pim_catalog_simpleselect";"0";"0";"";"";""
"GS1_REGULATORYPERMITIDENTIFICATION";"GS1 Regulatory Permit Identification";"";"";"";"";"";"";"";"GS1_MARKET_AUTHORIZATION";"0";"200";"";"";"";"";"";"";"";"0";"3";"pim_catalog_text";"0";"0";"";"";""
"GS1_PERMITSTARTDATETIME";"GS1 Permit Start Date Time";"";"";"";"";"";"";"";"GS1_MARKET_AUTHORIZATION";"0";"";"";"";"";"";"";"";"";"0";"4";"pim_catalog_date";"0";"0";"";"";""
"GS1_PERMITENDDATETIME";"GS1 Permit End Date Time";"";"";"";"";"";"";"";"GS1_MARKET_AUTHORIZATION";"0";"";"";"";"";"";"";"";"";"0";"5";"pim_catalog_date";"0";"0";"";"";""
"GS1_REGULATIONRESTRICTIONSANDDESCRIPTORS";"GS1 Regulation Restrictions And Descriptors";"";"";"";"";"";"";"";"GS1_MARKET_AUTHORIZATION";"0";"5000";"";"";"";"";"";"";"";"0";"6";"pim_catalog_textarea";"0";"0";"";"";""
"GS1_REGULATIONRESTRICTIONSANDDESCRIPTORS_LANGUAGECODE";"GS1 Regulation Restrictions And Descriptors Language Code";"";"1";"";"";"";"";"";"GS1_MARKET_AUTHORIZATION";"0";"";"";"";"";"";"";"";"";"0";"7";"pim_catalog_simpleselect";"0";"0";"";"";""
"GS1_ADDITIONALTRADEITEMDESCRIPTION";"GS1 Additional Trade Item Description";"";"";"";"";"";"";"";"GS1_PRODUCT_DESCRIPTION_INFORMATION";"0";"500";"";"";"";"";"";"";"";"0";"4";"pim_catalog_textarea";"0";"0";"";"";""
"GS1_ADDITIONALTRADEITEMDESCRIPTION_LANGUAGECODE";"GS1 Additional Trade Item Description Language Code";"";"1";"";"";"";"";"";"GS1_PRODUCT_DESCRIPTION_INFORMATION";"0";"";"";"";"";"";"";"";"";"0";"5";"pim_catalog_simpleselect";"0";"0";"";"";""
"GS1_SIZECODE";"GS1 Size Code";"";"";"";"";"";"";"";"GS1_PRODUCT_DESCRIPTION_INFORMATION";"0";"80";"";"";"";"";"";"";"";"0";"7";"pim_catalog_text";"0";"0";"";"";""
"GS1_COLOURCODELISTCODE";"GS1 Colour Code List Code";"";"1";"";"";"";"";"";"GS1_PRODUCT_DESCRIPTION_INFORMATION";"0";"";"";"";"";"";"";"";"";"0";"8";"pim_catalog_simpleselect";"0";"0";"";"";""
"GS1_COLOURDESCRIPTION";"GS1 Colour Description";"";"";"";"";"";"";"";"GS1_PRODUCT_DESCRIPTION_INFORMATION";"0";"80";"";"";"";"";"";"";"";"0";"10";"pim_catalog_text";"0";"0";"";"";""
"GS1_WARRANTYCONSTRAINT";"GS1 Warranty Constraint";"";"";"";"";"";"";"";"GS1_WARRANTY_INFORMATION";"0";"35";"";"";"";"";"";"";"";"0";"0";"pim_catalog_text";"0";"0";"";"";""
"GS1_WARRANTYEFFECTIVEDATETYPE";"GS1 Warranty Effective Date Type";"";"";"";"";"";"";"";"GS1_WARRANTY_INFORMATION";"0";"70";"";"";"";"";"";"";"";"0";"2";"pim_catalog_text";"0";"0";"";"";""
"GS1_WARRANTYTYPE";"GS1 Warranty Type";"";"";"";"";"";"";"";"GS1_WARRANTY_INFORMATION";"0";"70";"";"";"";"";"";"";"";"0";"3";"pim_catalog_text";"0";"0";"";"";""
"GS1_PACKAGINGTYPECODE";"GS1 Packaging Type Code";"";"1";"";"";"";"";"";"GS1_PACKAGING_INFORMATION";"0";"";"";"";"";"";"";"";"";"0";"2";"pim_catalog_simpleselect";"0";"0";"";"";""
"GS1_ISPACKAGINGMARKEDRETURNABLE";"GS1 Is Packaging Marked Returnable";"";"";"";"";"";"";"";"GS1_PACKAGING_INFORMATION";"0";"";"";"";"";"";"";"";"";"0";"3";"pim_catalog_boolean";"0";"0";"";"";""
"GS1_NETCONTENT_MEASUREMENTUNITCODE";"GS1 Net Content Unit Of Measurement";"";"1";"";"";"";"";"";"GS1_HIERARCHY";"0";"";"";"";"";"";"";"";"";"0";"2";"pim_catalog_simpleselect";"0";"0";"";"";""
"GS1_QUANTITYOFCHILDREN";"GS1 Quantity of Children";"";"";"";"";"";"0";"";"GS1_HIERARCHY";"0";"";"";"";"";"0";"";"";"";"0";"3";"pim_catalog_number";"0";"0";"";"";""
"GS1_QUANTITYOFNEXTLEVELTRADEITEMWITHININNERPACK";"GS1 Quantity of Next Level Trade Item Within Inner Pack";"";"";"";"";"";"0";"";"GS1_HIERARCHY";"0";"";"";"";"";"0";"";"";"";"0";"5";"pim_catalog_number";"0";"0";"";"";""
"GS1_QUANTITYOFNEXTLOWERLEVELTRADEITEM";"GS1 Quantity of Next Lower Level Trade Item";"";"";"";"";"";"0";"";"GS1_HIERARCHY";"0";"";"";"";"";"0";"";"";"";"0";"6";"pim_catalog_number";"0";"0";"";"";""
"GS1_QUANTITYOFCOMPLETELAYERSCONTAINEDINATRADEITEM";"GS1 Quantity of Complete Layers Contained in a Trade Item";"";"";"";"";"";"0";"";"GS1_PALLET_LOGISTIC_UNITS";"0";"";"";"";"";"0";"";"";"";"0";"0";"pim_catalog_number";"0";"0";"";"";""
"GS1_QUANTITYOFTRADEITEMSCONTAINEDINACOMPLETELAYER";"GS1 Quantity of Trade Items Contained in a Complete Layer";"";"";"";"";"";"0";"";"GS1_PALLET_LOGISTIC_UNITS";"0";"";"";"";"";"0";"";"";"";"0";"1";"pim_catalog_number";"0";"0";"";"";""
"GS1_QUANTITYOFLAYERSPERPALLET";"GS1 Quantity of Layers Per Pallet";"";"";"";"";"";"0";"";"GS1_PALLET_LOGISTIC_UNITS";"0";"";"";"";"";"0";"";"";"";"0";"2";"pim_catalog_number";"0";"0";"";"";""
"GS1_QUANTITYOFTRADEITEMSPERPALLETLAYER";"GS1 Quantity of Trade Items Per Pallet Layer";"";"";"";"";"";"0";"";"GS1_PALLET_LOGISTIC_UNITS";"0";"";"";"";"";"0";"";"";"";"0";"3";"pim_catalog_number";"0";"0";"";"";""
"GS1_QUANTITYOFTRADEITEMSPERPALLET";"GS1 Quantity of Trade Items Per Pallet";"";"";"";"";"";"0";"";"GS1_PALLET_LOGISTIC_UNITS";"0";"";"";"";"";"0";"";"";"";"0";"4";"pim_catalog_number";"0";"0";"";"";""
"GS1_SHIPPINGCONTAINERTYPECODE";"GS1 Shipping Container Type Code";"";"1";"";"";"";"";"";"GS1_PALLET_LOGISTIC_UNITS";"0";"";"";"";"";"";"";"";"";"0";"14";"pim_catalog_simpleselect";"0";"0";"";"";""
"GS1_CONSUMERUSAGEINSTRUCTIONS";"GS1 Consumer Usage Instructions";"";"";"";"";"";"";"";"GS1_STORAGE_HANDLING_SHELF_LIFE";"0";"1000";"";"";"";"";"";"";"";"0";"1";"pim_catalog_textarea";"0";"0";"";"";""
"GS1_CONSUMERSTORAGEINSTRUCTIONS";"GS1 Consumer Storage Instructions";"";"";"";"";"";"";"";"GS1_STORAGE_HANDLING_SHELF_LIFE";"0";"1000";"";"";"";"";"";"";"";"0";"3";"pim_catalog_textarea";"0";"0";"";"";""
"GS1_MINIMUMTRADEITEMLIFESPANFROMTIMEOFARRIVAL";"GS1 Minimum Trade Item Lifespan From Arrival";"";"";"";"";"";"0";"";"GS1_STORAGE_HANDLING_SHELF_LIFE";"0";"";"";"";"";"0";"";"";"";"0";"6";"pim_catalog_number";"0";"0";"";"";""
"GS1_IMPORTCLASSIFICATIONVALUE";"GS1 Import Classification Value";"";"";"";"";"";"";"";"GS1_CLASSIFICATIONS";"0";"70";"";"";"";"";"";"";"";"0";"2";"pim_catalog_text";"0";"0";"";"";""
"GS1_NONFOODINGREDIENTNAME";"GS1 Non Food Ingredient Name";"";"";"";"";"";"";"";"GS1_INGREDIENT_INFORMATION";"0";"500";"";"";"";"";"";"";"";"0";"0";"pim_catalog_textarea";"0";"0";"";"";""
"GS1_UNIFORMRESOURCEIDENTIFIER";"GS1 Uniform Resource Identifier";"";"";"";"";"";"";"";"GS1_LINKS_TO_ADDITIONAL_INFORMATION";"0";"2500";"";"";"";"";"";"";"";"0";"13";"pim_catalog_textarea";"0";"1";"";"";""
"GS1_CONSUMERUSAGEINSTRUCTIONS_LANGUAGECODE";"GS1 Consumer Usage Instructions Language Code";"";"1";"";"";"";"";"";"GS1_STORAGE_HANDLING_SHELF_LIFE";"0";"";"";"";"";"";"";"";"";"0";"2";"pim_catalog_simpleselect";"0";"0";"";"";""
"GS1_CONSUMERSTORAGEINSTRUCTIONS_LANGUAGECODE";"GS1 Consumer Storage Instructions Language Code";"";"1";"";"";"";"";"";"GS1_STORAGE_HANDLING_SHELF_LIFE";"0";"";"";"";"";"";"";"";"";"0";"4";"pim_catalog_simpleselect";"0";"0";"";"";""
"GS1_MAXIMUMTOLERANCETEMPERATURE_MEASUREMENTUNITCODE";"GS1 Maximum Tolerance Temperature UoM";"";"1";"";"";"";"";"";"GS1_STORAGE_HANDLING_SHELF_LIFE";"0";"";"";"";"";"";"";"";"";"0";"13";"pim_catalog_simpleselect";"0";"0";"";"";""
"GS1_MINIMUMTOLERANCETEMPERATURE_MEASUREMENTUNITCODE";"GS1 Minimum Tolerance Temperature UoM";"";"1";"";"";"";"";"";"GS1_STORAGE_HANDLING_SHELF_LIFE";"0";"";"";"";"";"";"";"";"";"0";"15";"pim_catalog_simpleselect";"0";"0";"";"";""
"GS1_MAXIMUMTEMPERATUREACCEPTABLETIMESPAN_MEASUREMENTUNITCODE";"GS1 Maximum Temperature Acceptable Timespan UoM";"";"1";"";"";"";"";"";"GS1_STORAGE_HANDLING_SHELF_LIFE";"0";"";"";"";"";"";"";"";"";"0";"17";"pim_catalog_simpleselect";"0";"0";"";"";""
"GS1_IMPORTCLASSIFICATIONTYPECODE";"GS1 Import Classification Type Code";"";"1";"";"";"";"";"";"GS1_CLASSIFICATIONS";"0";"";"";"";"";"";"";"";"";"0";"1";"pim_catalog_simpleselect";"0";"0";"";"";""
"GS1_INGREDIENTSTRENGTH_MEASUREMENTUNITCODE";"GS1 Ingredient Strength UoM";"";"1";"";"";"";"";"";"GS1_INGREDIENT_INFORMATION";"0";"";"";"";"";"";"";"";"";"0";"2";"pim_catalog_simpleselect";"0";"0";"";"";""
"GS1_INGREDIENTSTRENGTHBASIS_MEASUREMENTUNITCODE";"GS1 Ingredient Strength Basis UoM";"";"1";"";"";"";"";"";"GS1_INGREDIENT_INFORMATION";"0";"";"";"";"";"";"";"";"";"0";"4";"pim_catalog_simpleselect";"0";"0";"";"";""
"GS1_NONFOODINGREDIENTOFCONCERNCODE";"GS1 Non Food Ingredient Of Concern CodeÂ ";"";"1";"";"";"";"";"";"GS1_INGREDIENT_INFORMATION";"0";"";"";"";"";"";"";"";"";"0";"7";"pim_catalog_simpleselect";"0";"0";"";"";""
"GS1_REFERENCEDFILETYPECODE";"GS1 Referenced File Type Code";"";"1";"";"";"";"";"";"GS1_LINKS_TO_ADDITIONAL_INFORMATION";"0";"";"";"";"";"";"";"";"";"0";"12";"pim_catalog_simpleselect";"0";"0";"";"";""
"GS1_WARRANTYDURATION";"GS1 Warranty Duration";"";"";"";"";"";"1";"";"GS1_WARRANTY_INFORMATION";"0";"";"";"";"";"1";"";"";"";"0";"1";"pim_catalog_number";"0";"0";"";"";""
"GS1_NETCONTENT";"GS1 Net Content";"";"";"";"";"";"1";"";"GS1_HIERARCHY";"0";"";"";"";"";"1";"";"";"";"0";"1";"pim_catalog_number";"0";"0";"";"";""
"GS1_INGREDIENTSTRENGTH";"GS1 Ingredient Strength";"";"";"";"";"";"1";"";"GS1_INGREDIENT_INFORMATION";"0";"";"";"";"";"1";"";"";"";"0";"1";"pim_catalog_number";"0";"0";"";"";""
"GS1_INGREDIENTSTRENGTHBASIS";"GS1 Ingredient Strength Basis";"";"";"";"";"";"1";"";"GS1_INGREDIENT_INFORMATION";"0";"";"";"";"";"1";"";"";"";"0";"3";"pim_catalog_number";"0";"0";"";"";""
"GS1_MAXIMUMTOLERANCETEMPERATURE";"GS1 Maximum Tolerance Temperature";"";"";"";"";"";"1";"";"GS1_STORAGE_HANDLING_SHELF_LIFE";"0";"";"";"";"";"1";"";"";"";"0";"12";"pim_catalog_number";"0";"0";"";"";""
"GS1_MINIMUMTOLERANCETEMPERATURE";"GS1 Minimum Tolerance Temperature";"";"";"";"";"";"1";"";"GS1_STORAGE_HANDLING_SHELF_LIFE";"0";"";"";"";"";"1";"";"";"";"0";"14";"pim_catalog_number";"0";"0";"";"";""
"GS1_MAXIMUMTEMPERATUREACCEPTABLETIMESPAN";"GS1 Maximum Temperature Acceptable Timespan";"";"";"";"";"";"0";"";"GS1_STORAGE_HANDLING_SHELF_LIFE";"0";"";"";"";"";"0";"";"";"";"0";"16";"pim_catalog_number";"0";"0";"";"";""
"GS1_DOSAGERECOMMENDATION_LANGUAGECODE";"GS1  Dosage Recommendation Language Code";"";"1";"";"";"";"";"";"GS1_PHARMACEUTICAL_INFORMATION";"0";"";"";"";"";"";"";"";"";"0";"2";"pim_catalog_simpleselect";"0";"0";"";"";""
"GS1_ISTRADEITEMABASEUNIT";"GS1 Is Trade Item A Base Unit";"";"";"";"";"";"";"";"GS1_UNIT_INDICATORS";"0";"";"";"";"";"";"";"";"";"0";"0";"pim_catalog_boolean";"0";"1";"";"";""
"GS1_ISTRADEITEMANINVOICEUNIT";"GS1 Is Trade Item An Invoice Unit";"";"";"";"";"";"";"";"GS1_UNIT_INDICATORS";"0";"";"";"";"";"";"";"";"";"0";"3";"pim_catalog_boolean";"0";"1";"";"";""
"GS1_IISTRADEITEMAVARIABLEUNIT";"GS1 Is Trade Item A Variable Unit";"";"";"";"";"";"";"";"GS1_UNIT_INDICATORS";"0";"";"";"";"";"";"";"";"";"0";"5";"pim_catalog_boolean";"0";"1";"";"";""
"GS1_ADDITIONALTRADEITEMIDENTIFICATIONTYPECODE";"GS1 Additional Trade Item Identification Type Code";"";"1";"";"";"";"";"";"GS1_MARKET_AUTHORIZATION";"0";"";"";"";"";"";"";"";"";"0";"0";"pim_catalog_simpleselect";"0";"0";"";"";""
"GS1_ADDITIONALTRADEITEMIDENTIFICATION";"GS1 Additional Trade Item Identification";"";"";"";"";"";"";"";"GS1_MARKET_AUTHORIZATION";"0";"80";"";"";"";"";"";"";"";"0";"1";"pim_catalog_text";"0";"0";"";"";""
"GS1_PACKAGINGPACKAGINGWEIGHT";"GS1 Packaging Weight";"";"";"";"";"";"1";"";"GS1_PACKAGING_INFORMATION";"0";"";"";"";"";"1";"";"";"";"0";"4";"pim_catalog_number";"0";"0";"";"";""
"GS1_CONTOLLEDSUBSTANCECODE";"GS1 Controlled Substance Code";"";"";"";"";"";"";"";"GS1_PHARMACEUTICAL_INFORMATION";"0";"80";"";"";"";"";"";"";"";"0";"6";"pim_catalog_text";"0";"0";"";"";""
"GS1_CONTROLLEDSUBSTANCENAME";"GS1 Controlled Substance Name";"";"";"";"";"";"";"";"GS1_PHARMACEUTICAL_INFORMATION";"0";"200";"";"";"";"";"";"";"";"0";"7";"pim_catalog_text";"0";"0";"";"";""
"GS1_CONTROLLEDSUBSTANCEAMOUNT";"GS1 Controlled Substance Amount";"";"";"";"";"";"1";"";"GS1_PHARMACEUTICAL_INFORMATION";"0";"";"";"";"";"1";"";"";"";"0";"8";"pim_catalog_number";"0";"0";"";"";""
"GS1_CONTROLLEDSUBSTANCEAMOUNT_MEASUREMENTUNITCODE";"GS1 Controlled Substance Amount UoM";"";"1";"";"";"";"";"";"GS1_PHARMACEUTICAL_INFORMATION";"0";"";"";"";"";"";"";"";"";"0";"9";"pim_catalog_simpleselect";"0";"0";"";"";""
"GS1_ENUMERATIONVALUE";"GS1 Route of Administration Code Value";"";"";"";"";"";"";"";"GS1_PHARMACEUTICAL_INFORMATION";"0";"200";"";"";"";"";"";"";"";"0";"11";"pim_catalog_text";"0";"0";"";"";""
"GS1_ENUMERATIONVALUEDESCRIPTION";"GS1 Route of Administration Code Description";"";"";"";"";"";"";"";"GS1_PHARMACEUTICAL_INFORMATION";"0";"1000";"";"";"";"";"";"";"";"0";"12";"pim_catalog_textarea";"0";"0";"";"";""
"GS1_ENUMERATIONVALUEDESCRIPTION_LANGUAGECODE";"GS1 Route of Administration Code Description Language Code";"";"1";"";"";"";"";"";"GS1_PHARMACEUTICAL_INFORMATION";"0";"";"";"";"";"";"";"";"";"0";"13";"pim_catalog_simpleselect";"0";"0";"";"";""
"GS1_EXTERNALAGENCYNAME";"GS1 Route of Administration Agency";"";"";"";"";"";"";"";"GS1_PHARMACEUTICAL_INFORMATION";"0";"200";"";"";"";"";"";"";"";"0";"14";"pim_catalog_text";"0";"0";"";"";""
"GS1_EXTERNALCODELISTNAME";"GS1 Route of Administration Code List";"";"";"";"";"";"";"";"GS1_PHARMACEUTICAL_INFORMATION";"0";"200";"";"";"";"";"";"";"";"0";"15";"pim_catalog_text";"0";"0";"";"";""
"GS1__GTIN_CHILD_NEXTLOWERLEVELTRADEITEMINFORMATION";"GS1 Child Item";"";"";"";"";"";"";"";"GS1_HIERARCHY";"0";"14";"";"";"";"";"";"";"";"0";"0";"pim_catalog_text";"0";"0";"";"";""
"GS1_ADDITIONALTRADEITEMCLASSIFICATIONCODEVALUE";"GS1 Additional Trade Item Classification Code";"";"";"";"";"";"";"";"GS1_CLASSIFICATIONS";"0";"80";"";"";"";"";"";"";"";"0";"14";"pim_catalog_text";"0";"0";"";"";""
"GS1_REGULATORYINFORMATIONREGULATIONTYPECODE";"GS1 Regulation Type Code";"";"1";"";"";"";"";"";"GS1_MARKET_AUTHORIZATION";"0";"";"";"";"";"";"";"";"";"0";"2";"pim_catalog_simpleselect";"0";"0";"";"";""
"GS1_PLACEOFPRODUCTACTIVITYCOUNTRYOFORIGINCOUNTRYCODE";"GS1 Country Of Origin";"";"1";"";"";"";"";"";"GS1_GENERAL_ITEM_INFORMATION";"0";"";"";"";"";"";"";"";"";"0";"6";"pim_catalog_simpleselect";"0";"0";"";"";""
"GS1_BRANDOWNERGLN";"GS1 Brand Owner GLN";"";"";"";"";"";"";"";"GS1_CONTACT_ROLE_INFORMATION";"0";"13";"";"";"";"";"";"";"";"0";"0";"pim_catalog_text";"0";"0";"";"";""
"GS1_BRANDOWNERPARTYNAME";"GS1 Brand Owner Name";"";"";"";"";"";"";"";"GS1_CONTACT_ROLE_INFORMATION";"0";"200";"";"";"";"";"";"";"";"0";"1";"pim_catalog_text";"0";"0";"";"";""
"GS1_INFORMATIONPROVIDEROFTRADEITEMGLN";"GS1 Information Provider GLN";"";"";"";"";"";"";"";"GS1_CONTACT_ROLE_INFORMATION";"0";"13";"";"";"";"";"";"";"";"0";"2";"pim_catalog_text";"0";"1";"";"";""
"GS1_INFORMATIONPROVIDEROFTRADEITEMPARTYNAME";"GS1 Information Provider Name";"";"";"";"";"";"";"";"GS1_CONTACT_ROLE_INFORMATION";"0";"200";"";"";"";"";"";"";"";"0";"3";"pim_catalog_text";"0";"0";"";"";""
"GS1_INFORMATIONPROVIDEROFTRADEITEMPARTYADDRESS";"GS1 Information Provider Address";"";"";"";"";"";"";"";"GS1_CONTACT_ROLE_INFORMATION";"0";"500";"";"";"";"";"";"";"";"0";"4";"pim_catalog_textarea";"0";"0";"";"";""
"GS1_MANUFACTUREROFTRADEITEMGLN";"GS1 Manufacturer GLN";"";"";"";"";"";"";"";"GS1_CONTACT_ROLE_INFORMATION";"0";"13";"";"";"";"";"";"";"";"0";"5";"pim_catalog_text";"0";"0";"";"";""
"GS1_MANUFACTUREROFTRADEITEMPARTYNAME";"GS1 Manufacturer Name";"";"";"";"";"";"";"";"GS1_CONTACT_ROLE_INFORMATION";"0";"200";"";"";"";"";"";"";"";"0";"6";"pim_catalog_text";"0";"0";"";"";""
"GS1_MANUFACTUREROFTRADEITEMPARTYADDRESS";"GS1 Manufacturer Address";"";"";"";"";"";"";"";"GS1_CONTACT_ROLE_INFORMATION";"0";"500";"";"";"";"";"";"";"";"0";"7";"pim_catalog_textarea";"0";"0";"";"";""
"GS1_NONGTINLOGISTICSUNITINFORMATIONEGROSSWEIGHT";"GS1 Non-GTIN Pallet Gross Weight";"";"";"";"";"";"1";"";"GS1_PALLET_LOGISTIC_UNITS";"0";"";"";"";"";"1";"";"";"";"0";"5";"pim_catalog_number";"0";"0";"";"";""
"GS1_NONGTINLOGISTICSUNITINFORMATIONEGROSSWEIGHT_MEASUREMENTUNITCODE";"GS1 Non-GTIN Pallet Gross Weight UoM";"";"1";"";"";"";"";"";"GS1_PALLET_LOGISTIC_UNITS";"0";"";"";"";"";"";"";"";"";"0";"6";"pim_catalog_simpleselect";"0";"0";"";"";""
"GS1_NONGTINLOGISTICSUNITINFORMATIONHEIGHT";"GS1 Non-GTIN Pallet Height";"";"";"";"";"";"1";"";"GS1_PALLET_LOGISTIC_UNITS";"0";"";"";"";"";"1";"";"";"";"0";"7";"pim_catalog_number";"0";"0";"";"";""
"GS1_NONGTINLOGISTICSUNITINFORMATIONHEIGHT_MEASUREMENTUNITCODE";"GS1 Non-GTIN Pallet Height UoM";"";"1";"";"";"";"";"";"GS1_PALLET_LOGISTIC_UNITS";"0";"";"";"";"";"";"";"";"";"0";"8";"pim_catalog_simpleselect";"0";"0";"";"";""
"GS1_NONGTINLOGISTICSUNITINFORMATIONDEPTH";"GS1 Non-GTIN Pallet Depth";"";"";"";"";"";"1";"";"GS1_PALLET_LOGISTIC_UNITS";"0";"";"";"";"";"1";"";"";"";"0";"9";"pim_catalog_number";"0";"0";"";"";""
"GS1_NONGTINLOGISTICSUNITINFORMATIONDEPTHC_MEASUREMENTUNITCODE";"GS1 Non-GTIN Pallet Depth UoM";"";"1";"";"";"";"";"";"GS1_PALLET_LOGISTIC_UNITS";"0";"";"";"";"";"";"";"";"";"0";"10";"pim_catalog_simpleselect";"0";"0";"";"";""
"GS1_NONGTINLOGISTICSUNITINFORMATIONWIDTH";"GS1 Non-GTIN Pallet Width";"";"";"";"";"";"1";"";"GS1_PALLET_LOGISTIC_UNITS";"0";"";"";"";"";"1";"";"";"";"0";"11";"pim_catalog_number";"0";"0";"";"";""
"GS1_NONGTINLOGISTICSUNITINFORMATIONWIDTH_MEASUREMENTUNITCODE";"GS1 Non-GTIN Pallet Width UoM";"";"1";"";"";"";"";"";"GS1_PALLET_LOGISTIC_UNITS";"0";"";"";"";"";"";"";"";"";"0";"12";"pim_catalog_simpleselect";"0";"0";"";"";""
"GS1_PACKAGINGPLATFORMTYPECODE";"GS1 Platform Type Code";"";"1";"";"";"";"";"";"GS1_PALLET_LOGISTIC_UNITS";"0";"";"";"";"";"";"";"";"";"0";"13";"pim_catalog_simpleselect";"0";"0";"";"";""
"GS1_HAZARDOUSWASTEINFORMATIONNONHAZARDOUSWASTEDESCRIPTION";"GS1 Non Hazardous Waste Description";"";"";"";"";"";"";"";"GS1_DANGEROUS_HAZARDOUS_GOODS_INFORMATION";"0";"1000";"";"";"";"";"";"";"";"0";"8";"pim_catalog_textarea";"0";"0";"";"";""
"GS1_HAZARDOUSWASTEINFORMATIONNONHAZARDOUSWASTEDESCRIPTION_LANGUAGECODE";"GS1 Non Hazardous Waste Description Language Code";"";"1";"";"";"";"";"";"GS1_DANGEROUS_HAZARDOUS_GOODS_INFORMATION";"0";"";"";"";"";"";"";"";"";"0";"9";"pim_catalog_simpleselect";"0";"0";"";"";""
"GS1_TEMPERATUREQUALIFIERCODE_STORAGE_HANDLING";"GS1 Storage Temperature Type";"";"1";"";"";"";"";"";"GS1_STORAGE_HANDLING_SHELF_LIFE";"0";"";"";"";"";"";"";"";"";"0";"7";"pim_catalog_simpleselect";"0";"0";"";"";""
"GS1_FUNCTIONALNAME";"GS1 Functional Name";"";"";"";"";"";"";"";"GS1_GENERAL_ITEM_INFORMATION";"0";"35";"";"";"";"";"";"";"";"0";"4";"pim_catalog_text";"0";"1";"";"";""
"GS1_FUNCTIONALNAME_LANGUAGECODE";"GS1 Functional Name Language Code";"";"1";"";"";"";"";"";"GS1_GENERAL_ITEM_INFORMATION";"0";"";"";"";"";"";"";"";"";"0";"5";"pim_catalog_simpleselect";"0";"0";"";"";""
"GS1_EFFECTIVEDATETIME";"GS1 Effective Date Time";"";"";"";"";"";"";"";"GS1_GENERAL_ITEM_INFORMATION";"0";"";"";"";"";"";"";"";"";"0";"8";"pim_catalog_date";"0";"1";"";"";""
"GS1_DESCRIPTIONSHORT";"GS1 Description Short";"";"";"";"";"";"";"";"GS1_PRODUCT_DESCRIPTION_INFORMATION";"0";"35";"";"";"";"";"";"";"";"0";"2";"pim_catalog_text";"0";"1";"";"";""
"GS1_DESCRIPTIONSHORT_LANGUAGECODE";"GS1 Description Short Language Code";"";"1";"";"";"";"";"";"GS1_PRODUCT_DESCRIPTION_INFORMATION";"0";"";"";"";"";"";"";"";"";"0";"3";"pim_catalog_simpleselect";"0";"0";"";"";""
"GS1_DEPTH";"GS1 Depth";"";"";"";"";"";"1";"";"GS1_DIMENSIONS";"0";"";"";"";"";"1";"";"";"";"0";"0";"pim_catalog_number";"0";"0";"";"";""
"GS1_DEPTH_MEASUREMENTUNITCODE";"GS1 Depth Unit Of Measurement";"";"1";"";"";"";"";"";"GS1_DIMENSIONS";"0";"";"";"";"";"";"";"";"";"0";"1";"pim_catalog_simpleselect";"0";"0";"";"";""
"GS1_DIAMETER";"GS1 Diameter";"";"";"";"";"";"1";"";"GS1_DIMENSIONS";"0";"";"";"";"";"1";"";"";"";"0";"2";"pim_catalog_number";"0";"0";"";"";""
"GS1_DIAMETER_MEASUREMENTUNITCODE";"GS1 Diameter Unit Of Measurement";"";"1";"";"";"";"";"";"GS1_DIMENSIONS";"0";"";"";"";"";"";"";"";"";"0";"3";"pim_catalog_simpleselect";"0";"0";"";"";""
"GS1_GROSSWEIGHT";"GS1 Gross Weight";"";"";"";"";"";"1";"";"GS1_DIMENSIONS";"0";"";"";"";"";"1";"";"";"";"0";"4";"pim_catalog_number";"0";"0";"";"";""
"GS1_GROSSWEIGHT_MEASUREMENTUNITCODE";"GS1 Gross Weight Unit Of Measurement";"";"1";"";"";"";"";"";"GS1_DIMENSIONS";"0";"";"";"";"";"";"";"";"";"0";"5";"pim_catalog_simpleselect";"0";"0";"";"";""
"GS1_GS1TRADEITEMIDENTIFICATIONKEYCODE";"GS1 GS1 Trade Item Identification Key Code";"";"1";"";"";"";"";"";"GS1_PACKAGING_INFORMATION";"0";"";"";"";"";"";"";"";"";"0";"0";"pim_catalog_simpleselect";"0";"0";"";"";""
"GS1_GS1TRADEITEMIDENTIFICATIONKEYVALUE";"GS1 GS1 Trade Item Identification Key Value";"";"";"";"";"";"";"";"GS1_PACKAGING_INFORMATION";"0";"70";"";"";"";"";"";"";"";"0";"1";"pim_catalog_text";"0";"0";"";"";""
"GS1_DOSAGERECOMMENDATION";"GS1 Dosage Recommendation";"";"";"";"";"";"";"";"GS1_PHARMACEUTICAL_INFORMATION";"0";"2500";"";"";"";"";"";"";"";"0";"1";"pim_catalog_textarea";"0";"0";"";"";""
"GS1_DOSAGERESTRICTIONLIMITS";"GS1 Dosage Restriction Limits";"";"";"";"";"";"";"";"GS1_PHARMACEUTICAL_INFORMATION";"0";"2500";"";"";"";"";"";"";"";"0";"3";"pim_catalog_textarea";"0";"0";"";"";""
"GS1_DOSAGERESTRICTIONLIMITS_LANGUAGECODE";"GS1 Dosage Restriction Limits Language Code";"";"1";"";"";"";"";"";"GS1_PHARMACEUTICAL_INFORMATION";"0";"";"";"";"";"";"";"";"";"0";"4";"pim_catalog_simpleselect";"0";"0";"";"";""
"GS1_GPCCATEGORYCODE";"GS1 GPC Category (Brick) Code";"";"";"";"";"";"";"";"GS1_CLASSIFICATIONS";"0";"8";"";"";"";"";"";"";"";"0";"0";"pim_catalog_text";"0";"1";"";"";""
"GS1_HAZARDOUSWASTEINFORMATIONHAZARDOUSWASTEAGENCY";"GS1 Hazardous Waste Agency";"";"";"";"";"";"";"";"GS1_DANGEROUS_HAZARDOUS_GOODS_INFORMATION";"0";"200";"";"";"";"";"";"";"";"0";"2";"pim_catalog_text";"0";"0";"";"";""
"GS1_HAZARDOUSWASTEINFORMATIONHAZARDOUSWASTECODE";"GS1 Hazardous Waste Code";"";"";"";"";"";"";"";"GS1_DANGEROUS_HAZARDOUS_GOODS_INFORMATION";"0";"35";"";"";"";"";"";"";"";"0";"3";"pim_catalog_text";"0";"0";"";"";""
"GS1_HAZARDOUSWASTEINFORMATIONHAZARDOUSWASTEDESCRIPTION";"GS1 Hazardous Waste Description";"";"";"";"";"";"";"";"GS1_DANGEROUS_HAZARDOUS_GOODS_INFORMATION";"0";"1000";"";"";"";"";"";"";"";"0";"4";"pim_catalog_textarea";"0";"0";"";"";""
"GS1_HAZARDOUSWASTEINFORMATIONHAZARDOUSWASTEDESCRIPTION_LANGUAGECODE";"GS1 Hazardous Waste Description Language Code";"";"1";"";"";"";"";"";"GS1_DANGEROUS_HAZARDOUS_GOODS_INFORMATION";"0";"";"";"";"";"";"";"";"";"0";"5";"pim_catalog_simpleselect";"0";"0";"";"";""
"SOURCE_OF_DATA";"SOURCE OF DATA";"";"1";"";"";"";"";"";"PRODUCT_CODING";"0";"";"";"";"1";"";"";"";"";"0";"0";"pim_catalog_simpleselect";"0";"1";"";"";""
"MANUFACTURER_NAME";"MANUFACTURER NAME";"";"1";"";"";"";"";"";"erp";"0";"";"";"";"2";"";"";"";"";"0";"0";"pim_catalog_simpleselect";"0";"1";"";"";""
"SOURCEITEMID";"SOURCEITEMID";"";"";"";"";"";"";"";"PRODUCT_CODING";"0";"";"";"";"";"";"";"";"";"0";"0";"pim_catalog_simpleselect";"0";"1";"";"";""
"LABELING";"LABELING";"";"1";"";"";"";"";"";"PRODUCT_CODING";"0";"";"";"";"";"";"";"";"";"0";"0";"pim_catalog_simpleselect";"0";"1";"";"";""
"GS1_SAFETYDATASHEETINFORMATIONISREGULATEDFORTRANSPORTATION";"GS1 Is Regulated For Transportation";"";"";"";"";"";"";"";"GS1_DANGEROUS_HAZARDOUS_GOODS_INFORMATION";"0";"";"";"";"";"";"";"";"";"0";"1";"pim_catalog_simpleselect";"0";"0";"";"";""
"GS1_NONGTINLOGISTICSUNITINFORMATIONDEPTH_MEASUREMENTUNITCODE";"GS1 Non-GTIN Pallet Depth UoM";"";"1";"";"";"";"";"";"GS1_PALLET_LOGISTIC_UNITS";"0";"";"";"";"";"";"";"";"";"0";"10";"pim_catalog_simpleselect";"0";"0";"";"";""
"GS1_ISINGREDIENTGENERIC";"GS1 Is Ingredient Generic";"";"";"";"";"";"";"";"GS1_INGREDIENT_INFORMATION";"0";"";"";"";"";"";"";"";"";"0";"6";"pim_catalog_simpleselect";"0";"0";"";"";""
"GS1_ISINGREDIENTACTIVE";"GS1 Is Ingredient Active";"";"";"";"";"";"";"";"GS1_INGREDIENT_INFORMATION";"0";"";"";"";"";"";"";"";"";"0";"5";"pim_catalog_simpleselect";"0";"0";"";"";""
"GS1_ISDANGEROUSSUBSTANCE";"GS1 Is Dangerous Substance";"";"";"";"";"";"";"";"GS1_DANGEROUS_HAZARDOUS_GOODS_INFORMATION";"0";"";"";"";"";"";"";"";"";"0";"0";"pim_catalog_simpleselect";"0";"0";"";"";""
"GS1_HAZARDOUSWASTEINFORMATIONISUNIVERSALWASTE";"GS1 Is Universal Waste";"";"";"";"";"";"";"";"GS1_DANGEROUS_HAZARDOUS_GOODS_INFORMATION";"0";"";"";"";"";"";"";"";"";"0";"7";"pim_catalog_simpleselect";"0";"0";"";"";""
"GS1_HAZARDOUSWASTEINFORMATIONISACUTELYHAZARDOUSWASTE";"GS1 Is Acutely Hazardous Waste";"";"";"";"";"";"";"";"GS1_DANGEROUS_HAZARDOUS_GOODS_INFORMATION";"0";"";"";"";"";"";"";"";"";"0";"6";"pim_catalog_simpleselect";"0";"0";"";"";""
"GS1_DOESITEMCONTAINACONTROLLEDSUBSTANCE";"GS1 Does Item Contain A Controlled Substance";"";"";"";"";"";"";"";"GS1_PHARMACEUTICAL_INFORMATION";"0";"";"";"";"";"";"";"";"";"0";"5";"pim_catalog_simpleselect";"0";"0";"";"";""
"GS1_SIZECODELISTCODE";"GS1 Size Code List Code";"";"";"";"";"";"";"";"GS1_PRODUCT_DESCRIPTION_INFORMATION";"0";"";"";"";"";"";"";"";"";"0";"6";"pim_catalog_text";"0";"0";"";"";""
"GS1_HANDLINGINSTRUCTIONCODEREFERENCE";"GS1 Handling Instructions Code Reference";"";"";"";"";"";"";"";"GS1_STORAGE_HANDLING_SHELF_LIFE";"0";"";"";"";"";"";"";"";"";"0";"0";"pim_catalog_text";"0";"0";"";"";""
"GS1_DOSAGEFORMTYPECODEREFERENCE";"GS1 Dosage Form Type Code Reference";"";"";"";"";"";"";"";"GS1_PHARMACEUTICAL_INFORMATION";"0";"";"";"";"";"";"";"";"";"0";"0";"pim_catalog_text";"0";"0";"";"";""
"GS1_CONTROLLEDSUBSTANCESCHEDULECODEREFERENCE";"GS1 Controlled Substance Schedule Code";"";"";"";"";"";"";"";"GS1_PHARMACEUTICAL_INFORMATION";"0";"";"";"";"";"";"";"";"";"0";"10";"pim_catalog_text";"0";"0";"";"";""
"GS1_COLOURCODE";"GS1 Colour Code";"";"";"";"";"";"";"";"GS1_PRODUCT_DESCRIPTION_INFORMATION";"0";"";"";"";"";"";"";"";"";"0";"9";"pim_catalog_text";"0";"0";"";"";""
"MAX_TEMPERATURE_MEASURE";"MAX_TEMPERATURE_MEASURE";"";"";"";"";"";"1";"CELSIUS";"ITEM_OPTIONS";"0";"";"";"Temperature";"";"1";"";"";"";"0";"0";"pim_catalog_metric";"0";"1";"";"";""
"MIN_TEMPERATURE_MEASURE";"MIN_TEMPERATURE_MEASURE";"";"";"";"";"";"1";"CELSIUS";"ITEM_OPTIONS";"0";"";"";"Temperature";"";"1";"";"";"";"0";"0";"pim_catalog_metric";"0";"1";"";"";""
"GROSS_WEIGHT_MEASURE";"GROSS_WEIGHT_MEASURE";"";"";"";"";"";"1";"KILOGRAM";"ITEM_UOM";"0";"";"";"Weight";"";"1";"";"";"";"0";"6";"pim_catalog_metric";"0";"0";"";"";""
"HEIGHT_MEASURE";"HEIGHT_MEASURE";"";"";"";"";"";"1";"INCH";"ITEM_UOM";"0";"";"";"Length";"";"1";"";"";"";"0";"3";"pim_catalog_metric";"0";"0";"";"";""
"WIDTH_MEASURE";"WIDTH_MEASURE";"";"";"";"";"";"1";"INCH";"ITEM_UOM";"0";"";"";"Length";"";"1";"";"";"";"0";"4";"pim_catalog_metric";"0";"0";"";"";""
"VOLUME_MEASURE";"VOLUME_MEASURE";"";"";"";"";"";"1";"CUBIC_CENTIMETER";"ITEM_UOM";"0";"";"";"Volume";"";"1";"";"";"";"0";"7";"pim_catalog_metric";"0";"0";"";"";""
"L3";"METHOD";"";"1";"";"";"";"";"";"PRODUCT_CODING";"0";"";"";"";"";"";"";"";"";"0";"0";"pim_catalog_simpleselect";"0";"1";"";"";""
"DEPTH_MEASURE";"DEPTH_MEASURE";"";"";"";"";"";"1";"INCH";"ITEM_UOM";"0";"";"";"Length";"";"1";"";"";"";"0";"5";"pim_catalog_metric";"0";"0";"";"";""
"MD_RECIPIENT_MAPPING_SOURCEID";"MD SOURCEID";"";"";"";"";"";"";"";"MD_RECIPIENT_MAPPING";"0";"";"";"";"";"";"";"";"";"0";"2";"pim_catalog_text";"0";"1";"";"";""
"MD_RECIPIENT_MAPPING_SOURCERECIPIENTNAME";"MD SOURCERECIPIENTNAME";"";"";"";"";"";"";"";"MD_RECIPIENT_MAPPING";"0";"";"";"";"";"";"";"";"";"0";"3";"pim_catalog_text";"0";"1";"";"";""
"MD_RECIPIENT_MAPPING_RECIPIENTCOUNTRY";"MD RECIPIENTCOUNTRY";"";"";"";"";"";"";"";"MD_RECIPIENT_MAPPING";"0";"";"";"";"";"";"";"";"";"0";"4";"pim_catalog_text";"0";"1";"";"";""
"MD_RECIPIENT_MAPPING_BUCKET";"MD BUCKET";"";"";"";"";"";"";"";"MD_RECIPIENT_MAPPING";"0";"";"";"";"";"";"";"";"";"0";"5";"pim_catalog_text";"0";"1";"";"";""
"MD_SUPPLIER_MAPPING_SOURCEORG";"MD SOURCEORG";"";"1";"";"";"";"";"";"MD_SUPPLIER_MAPPING";"0";"";"";"";"";"";"";"";"";"0";"0";"pim_catalog_simpleselect";"0";"1";"";"";""
"MD_SUPPLIER_MAPPING_SOURCE_SUPPLIER_ID";"MD SOURCE SUPPLIER ID";"";"";"";"";"";"";"";"MD_SUPPLIER_MAPPING";"0";"";"";"";"";"";"";"";"";"0";"2";"pim_catalog_text";"0";"1";"";"";""
"MD_SUPPLIER_MAPPING_GFPVAN_SUPPLIER_ID";"MD GFPVAN SUPPLIER ID";"";"";"";"";"";"";"";"MD_SUPPLIER_MAPPING";"0";"";"";"";"";"";"";"";"";"0";"3";"pim_catalog_text";"0";"0";"";"";""
"MD_SUPPLIER_MAPPING_SUPPLIER_NAME";"MD SUPPLIER NAME";"";"";"";"";"";"";"";"MD_SUPPLIER_MAPPING";"0";"";"";"";"";"";"";"";"";"0";"4";"pim_catalog_text";"0";"1";"";"";""
"MD_SUPPLIER_MAPPING_SUPPLIER_SITE";"MD SUPPLIER SITE";"";"";"";"";"";"";"";"MD_SUPPLIER_MAPPING";"0";"";"";"";"";"";"";"";"";"0";"5";"pim_catalog_text";"0";"1";"";"";""
"MD_HUB_COUNTRYISOCODE";"MD COUNTRY ISO CODE";"";"";"";"";"";"";"";"MD_HUB_MASTER";"0";"";"";"";"";"";"";"";"";"0";"0";"pim_catalog_simpleselect";"0";"1";"";"";""
"MD_HUB_COUNTRY_DESCRIPTION";"MD COUNTRY DESCRIPTION";"";"";"";"";"";"";"";"MD_HUB_MASTER";"0";"";"";"";"";"";"";"";"";"0";"0";"pim_catalog_text";"0";"1";"";"";""
"MD_HUB_HARDCODE_CUSTOMER";"MD HARDCODE CUSTOMER";"";"";"";"";"";"";"";"MD_HUB_MASTER";"0";"";"";"";"";"";"";"";"";"0";"0";"pim_catalog_text";"0";"0";"";"";""
"MD_HUB_DUNS";"MD DUNS";"";"";"";"";"";"";"";"MD_HUB_MASTER_EXTRA";"0";"";"";"";"";"";"";"";"";"0";"0";"pim_catalog_text";"0";"0";"";"";""
"MD_HUB_GLOBAL_ENTERPRISE_ID";"MD GLOBAL ENTERPRISE ID";"";"";"";"";"";"0";"";"MD_HUB_MASTER";"0";"";"";"";"";"0";"";"";"";"0";"0";"pim_catalog_number";"0";"1";"";"";""
"MD_HUB_BUCKETID";"MD BUCKETID";"";"1";"";"";"";"";"";"MD_HUB_MASTER";"0";"";"";"";"";"";"";"";"";"0";"0";"pim_catalog_simpleselect";"0";"1";"";"";""
"MD_SUPPLIER_MASTER_SUPPLIERID";"MD SUPPLIERID";"";"";"";"";"";"";"";"MD_SUPPLIER_MASTER";"0";"";"";"";"";"";"";"";"";"0";"0";"pim_catalog_text";"0";"1";"";"";""
"MD_SUPPLIER_MASTER_SUPPLIERNAME";"MD SUPPLIER NAME";"";"";"";"";"";"";"";"MD_SUPPLIER_MASTER";"0";"";"";"";"";"";"";"";"";"0";"0";"pim_catalog_text";"0";"1";"";"";""
"MD_SUPPLIER_MASTER_SUPPLIER_COUNTRY";"MD SUPPLIER COUNTRY";"";"1";"";"";"";"";"";"MD_SUPPLIER_MASTER";"0";"";"";"";"";"";"";"";"";"0";"0";"pim_catalog_simpleselect";"0";"1";"";"";""
"MD_SUPPLIER_MAPPING_SOURCE";"MD SOURCE";"";"";"";"";"";"";"";"MD_SUPPLIER_MAPPING";"0";"";"";"";"";"";"";"";"";"0";"1";"pim_catalog_text";"0";"1";"";"";""
"MD_RECIPIENT_MAPPING_SOURCEORG";"MD SOURCEORG";"";"";"";"";"";"";"";"MD_RECIPIENT_MAPPING";"0";"";"";"";"";"";"";"";"";"0";"0";"pim_catalog_text";"0";"1";"";"";""
"MD_RECIPIENT_MAPPING_SOURCE_PROVIDER";"MD SOURCE PROVIDER";"";"";"";"";"";"";"";"MD_RECIPIENT_MAPPING";"0";"";"";"";"";"";"";"";"";"0";"1";"pim_catalog_text";"0";"1";"";"";""
"MD_HUB_ENTERPRISE_SUPPLIER_TAX_NUMBER";"MD ENTERPRISE_SUPPLIER_TAX_NUMBER";"";"";"";"";"";"";"";"MD_HUB_MASTER_EXTRA";"0";"";"";"";"";"";"";"";"";"0";"0";"pim_catalog_text";"0";"0";"";"";""
"MD_HUB_ENTERPRISE_ADDRESS_EXTERNAL_ID";"MD ENTERPRISE_ADDRESS_EXTERNAL_ID";"";"";"";"";"";"";"";"MD_HUB_MASTER_EXTRA";"0";"";"";"";"";"";"";"";"";"0";"0";"pim_catalog_text";"0";"0";"";"";""
"MD_HUB_ENTERPRISE_ADDRESS_DESCRIPTOR";"MD ENTERPRISE_ADDRESS_DESCRIPTOR";"";"";"";"";"";"";"";"MD_HUB_MASTER_EXTRA";"0";"";"";"";"";"";"";"";"";"0";"0";"pim_catalog_text";"0";"0";"";"";""
"MD_HUB_ENTERPRISE_ADDRESS_1";"MD ENTERPRISE_ADDRESS_1";"";"";"";"";"";"";"";"MD_HUB_MASTER_EXTRA";"0";"";"";"";"";"";"";"";"";"0";"0";"pim_catalog_text";"0";"0";"";"";""
"MD_HUB_ENTERPRISE_ADDRESS_2";"MD ENTERPRISE_ADDRESS_2";"";"";"";"";"";"";"";"MD_HUB_MASTER_EXTRA";"0";"";"";"";"";"";"";"";"";"0";"0";"pim_catalog_text";"0";"0";"";"";""
"MD_HUB_ENTERPRISE_ADDRESS_3";"MD ENTERPRISE_ADDRESS_3";"";"";"";"";"";"";"";"MD_HUB_MASTER_EXTRA";"0";"";"";"";"";"";"";"";"";"0";"0";"pim_catalog_text";"0";"0";"";"";""
"MD_HUB_ENTERPRISE_ADDRESS_4";"MD ENTERPRISE_ADDRESS_4";"";"";"";"";"";"";"";"MD_HUB_MASTER_EXTRA";"0";"";"";"";"";"";"";"";"";"0";"0";"pim_catalog_text";"0";"0";"";"";""
"MD_HUB_ENTERPRISE_ADDRESS_5";"MD ENTERPRISE_ADDRESS_5";"";"";"";"";"";"";"";"MD_HUB_MASTER_EXTRA";"0";"";"";"";"";"";"";"";"";"0";"0";"pim_catalog_text";"0";"0";"";"";""
"MD_HUB_ENTERPRISE_CITY";"MD ENTERPRISE_CITY";"";"";"";"";"";"";"";"MD_HUB_MASTER_EXTRA";"0";"";"";"";"";"";"";"";"";"0";"0";"pim_catalog_text";"0";"0";"";"";""
"MD_HUB_ENTERPRISE_COUNTY";"MD ENTERPRISE_COUNTY";"";"";"";"";"";"";"";"MD_HUB_MASTER_EXTRA";"0";"";"";"";"";"";"";"";"";"0";"0";"pim_catalog_text";"0";"0";"";"";""
"MD_HUB_ENTERPRISE_STATE";"MD ENTERPRISE_STATE";"";"";"";"";"";"";"";"MD_HUB_MASTER_EXTRA";"0";"";"";"";"";"";"";"";"";"0";"0";"pim_catalog_text";"0";"0";"";"";""
"MD_HUB_ENTERPRISE_COUNTRY";"MD ENTERPRISE_COUNTRY";"";"";"";"";"";"";"";"MD_HUB_MASTER_EXTRA";"0";"";"";"";"";"";"";"";"";"0";"0";"pim_catalog_text";"0";"0";"";"";""
"MD_HUB_ENTERPRISE_ZIP";"MD ENTERPRISE_ZIP";"";"";"";"";"";"";"";"MD_HUB_MASTER_EXTRA";"0";"";"";"";"";"";"";"";"";"0";"0";"pim_catalog_text";"0";"0";"";"";""
"MD_HUB_BILL_TO_ADDRESS_EXTERNAL_ID";"MD BILL_TO_ADDRESS_EXTERNAL_ID";"";"";"";"";"";"";"";"MD_HUB_MASTER_EXTRA";"0";"";"";"";"";"";"";"";"";"0";"0";"pim_catalog_text";"0";"0";"";"";""
"MD_HUB_BILL_TO_ADDRESS_DESCRIPTOR";"MD BILL_TO_ADDRESS_DESCRIPTOR";"";"";"";"";"";"";"";"MD_HUB_MASTER_EXTRA";"0";"";"";"";"";"";"";"";"";"0";"0";"pim_catalog_text";"0";"0";"";"";""
"MD_HUB_BILL_TO_ADDRESS_1";"MD BILL_TO_ADDRESS_1";"";"";"";"";"";"";"";"MD_HUB_MASTER_EXTRA";"0";"";"";"";"";"";"";"";"";"0";"0";"pim_catalog_text";"0";"0";"";"";""
"MD_HUB_BILL_TO_ADDRESS_2";"MD BILL_TO_ADDRESS_2";"";"";"";"";"";"";"";"MD_HUB_MASTER_EXTRA";"0";"";"";"";"";"";"";"";"";"0";"0";"pim_catalog_text";"0";"0";"";"";""
"MD_HUB_BILL_TO_ADDRESS_3";"MD BILL_TO_ADDRESS_3";"";"";"";"";"";"";"";"MD_HUB_MASTER_EXTRA";"0";"";"";"";"";"";"";"";"";"0";"0";"pim_catalog_text";"0";"0";"";"";""
"MD_HUB_BILL_TO_ADDRESS_4";"MD BILL_TO_ADDRESS_4";"";"";"";"";"";"";"";"MD_HUB_MASTER_EXTRA";"0";"";"";"";"";"";"";"";"";"0";"0";"pim_catalog_text";"0";"0";"";"";""
"MD_HUB_BILL_TO_ADDRESS_5";"MD BILL_TO_ADDRESS_5";"";"";"";"";"";"";"";"MD_HUB_MASTER_EXTRA";"0";"";"";"";"";"";"";"";"";"0";"0";"pim_catalog_text";"0";"0";"";"";""
"MD_HUB_BILL_TO_CITY";"MD BILL_TO_CITY";"";"";"";"";"";"";"";"MD_HUB_MASTER_EXTRA";"0";"";"";"";"";"";"";"";"";"0";"0";"pim_catalog_text";"0";"0";"";"";""
"MD_HUB_BILL_TO_COUNTY";"MD BILL_TO_COUNTY";"";"";"";"";"";"";"";"MD_HUB_MASTER_EXTRA";"0";"";"";"";"";"";"";"";"";"0";"0";"pim_catalog_text";"0";"0";"";"";""
"MD_HUB_BILL_TO_STATE";"MD BILL_TO_STATE";"";"";"";"";"";"";"";"MD_HUB_MASTER_EXTRA";"0";"";"";"";"";"";"";"";"";"0";"0";"pim_catalog_text";"0";"0";"";"";""
"MD_HUB_BILL_TO_COUNTRY";"MD BILL_TO_COUNTRY";"";"";"";"";"";"";"";"MD_HUB_MASTER_EXTRA";"0";"";"";"";"";"";"";"";"";"0";"0";"pim_catalog_text";"0";"0";"";"";""
"MD_HUB_BILL_TO_ZIP";"MD BILL_TO_ZIP";"";"";"";"";"";"";"";"MD_HUB_MASTER_EXTRA";"0";"";"";"";"";"";"";"";"";"0";"0";"pim_catalog_text";"0";"0";"";"";""
"MD_HUB_REMIT_TO_ADDRESS_EXTERNAL_ID";"MD REMIT_TO_ADDRESS_EXTERNAL_ID";"";"";"";"";"";"";"";"MD_HUB_MASTER_EXTRA";"0";"";"";"";"";"";"";"";"";"0";"0";"pim_catalog_text";"0";"0";"";"";""
"MD_HUB_REMIT_TO_ADDRESS_DESCRIPTOR";"MD REMIT_TO_ADDRESS_DESCRIPTOR";"";"";"";"";"";"";"";"MD_HUB_MASTER_EXTRA";"0";"";"";"";"";"";"";"";"";"0";"0";"pim_catalog_text";"0";"0";"";"";""
"MD_HUB_REMIT_TO_ADDRESS_1";"MD REMIT_TO_ADDRESS_1";"";"";"";"";"";"";"";"MD_HUB_MASTER_EXTRA";"0";"";"";"";"";"";"";"";"";"0";"0";"pim_catalog_text";"0";"0";"";"";""
"MD_HUB_REMIT_TO_ADDRESS_2";"MD REMIT_TO_ADDRESS_2";"";"";"";"";"";"";"";"MD_HUB_MASTER_EXTRA";"0";"";"";"";"";"";"";"";"";"0";"0";"pim_catalog_text";"0";"0";"";"";""
"MD_HUB_REMIT_TO_ADDRESS_3";"MD REMIT_TO_ADDRESS_3";"";"";"";"";"";"";"";"MD_HUB_MASTER_EXTRA";"0";"";"";"";"";"";"";"";"";"0";"0";"pim_catalog_text";"0";"0";"";"";""
"MD_HUB_REMIT_TO_ADDRESS_4";"MD REMIT_TO_ADDRESS_4";"";"";"";"";"";"";"";"MD_HUB_MASTER_EXTRA";"0";"";"";"";"";"";"";"";"";"0";"0";"pim_catalog_text";"0";"0";"";"";""
"MD_HUB_REMIT_TO_ADDRESS_5";"MD REMIT_TO_ADDRESS_5";"";"";"";"";"";"";"";"MD_HUB_MASTER_EXTRA";"0";"";"";"";"";"";"";"";"";"0";"0";"pim_catalog_text";"0";"0";"";"";""
"MD_HUB_REMIT_TO_CITY";"MD REMIT_TO_CITY";"";"";"";"";"";"";"";"MD_HUB_MASTER_EXTRA";"0";"";"";"";"";"";"";"";"";"0";"0";"pim_catalog_text";"0";"0";"";"";""
"MD_HUB_REMIT_TO_COUNTY";"MD REMIT_TO_COUNTY";"";"";"";"";"";"";"";"MD_HUB_MASTER_EXTRA";"0";"";"";"";"";"";"";"";"";"0";"0";"pim_catalog_text";"0";"0";"";"";""
"MD_HUB_REMIT_TO_STATE";"MD REMIT_TO_STATE";"";"";"";"";"";"";"";"MD_HUB_MASTER_EXTRA";"0";"";"";"";"";"";"";"";"";"0";"0";"pim_catalog_text";"0";"0";"";"";""
"MD_HUB_REMIT_TO_COUNTRY";"MD REMIT_TO_COUNTRY";"";"";"";"";"";"";"";"MD_HUB_MASTER_EXTRA";"0";"";"";"";"";"";"";"";"";"0";"0";"pim_catalog_text";"0";"0";"";"";""
"MD_HUB_REMIT_TO_ZIP";"MD REMIT_TO_ZIP";"";"";"";"";"";"";"";"MD_HUB_MASTER_EXTRA";"0";"";"";"";"";"";"";"";"";"0";"0";"pim_catalog_text";"0";"0";"";"";""
"MD_HUB_BPO_INVOICE_BASE";"MD BPO_INVOICE_BASE";"";"";"";"";"";"";"";"MD_HUB_MASTER_EXTRA";"0";"";"";"";"";"";"";"";"";"0";"0";"pim_catalog_text";"0";"0";"";"";""
"MD_HUB_BPO_SHIPMENT_CLOSING_POLICY";"MD BPO_SHIPMENT_CLOSING_POLICY";"";"";"";"";"";"";"";"MD_HUB_MASTER_EXTRA";"0";"";"";"";"";"";"";"";"";"0";"0";"pim_catalog_text";"0";"0";"";"";""
"MD_HUB_BPO_SHIPMENT_RECEIPT_REF";"MD BPO_SHIPMENT_RECEIPT_REF";"";"";"";"";"";"";"";"MD_HUB_MASTER_EXTRA";"0";"";"";"";"";"";"";"";"";"0";"0";"pim_catalog_text";"0";"0";"";"";""
"MD_HUB_AVERAGE_CONSUMPTION_RATE_IN_PAST";"MD AVERAGE_CONSUMPTION_RATE_IN_PAST";"";"";"";"";"";"";"";"MD_HUB_MASTER_EXTRA";"0";"";"";"";"";"";"";"";"";"0";"0";"pim_catalog_text";"0";"0";"";"";""
"MD_HUB_BUCKET_DESCRIPTION";"MD BUCKET_DESCRIPTION";"";"";"";"";"";"";"";"MD_HUB_MASTER";"0";"";"";"";"";"";"";"";"";"0";"0";"pim_catalog_text";"0";"1";"";"";""
"MD_HUB_SITE_TYPE";"MD SITE_TYPE";"";"";"";"";"";"";"";"MD_HUB_MASTER";"0";"";"";"";"";"";"";"";"";"0";"0";"pim_catalog_text";"0";"0";"";"";""
"MD_HUB_SITE_HIERARCHY_LEVEL_1";"MD SITE_HIERARCHY_LEVEL_1";"";"";"";"";"";"";"";"MD_HUB_MASTER_EXTRA";"0";"";"";"";"";"";"";"";"";"0";"0";"pim_catalog_text";"0";"0";"";"";""
"MD_HUB_SITE_HIERARCHY_LEVEL_2";"MD SITE_HIERARCHY_LEVEL_2";"";"";"";"";"";"";"";"MD_HUB_MASTER_EXTRA";"0";"";"";"";"";"";"";"";"";"0";"0";"pim_catalog_text";"0";"0";"";"";""
"MD_HUB_SITE_HIERARCHY_LEVEL_3";"MD SITE_HIERARCHY_LEVEL_3";"";"";"";"";"";"";"";"MD_HUB_MASTER_EXTRA";"0";"";"";"";"";"";"";"";"";"0";"0";"pim_catalog_text";"0";"0";"";"";""
"MD_HUB_SITE_HIERARCHY_LEVEL_4";"MD SITE_HIERARCHY_LEVEL_4";"";"";"";"";"";"";"";"MD_HUB_MASTER_EXTRA";"0";"";"";"";"";"";"";"";"";"0";"0";"pim_catalog_text";"0";"0";"";"";""
"MD_HUB_SITE_HIERARCHY_LEVEL_5";"MD SITE_HIERARCHY_LEVEL_5";"";"";"";"";"";"";"";"MD_HUB_MASTER_EXTRA";"0";"";"";"";"";"";"";"";"";"0";"0";"pim_catalog_text";"0";"0";"";"";""
"MD_HUB_SHIP_TO_ADDRESS_EXTERNAL_ID";"MD SHIP_TO_ADDRESS_EXTERNAL_ID";"";"";"";"";"";"";"";"MD_HUB_MASTER_EXTRA";"0";"";"";"";"";"";"";"";"";"0";"0";"pim_catalog_text";"0";"0";"";"";""
"MD_HUB_SHIP_TO_ADDRESS_DESCRIPTOR";"MD SHIP_TO_ADDRESS_DESCRIPTOR";"";"";"";"";"";"";"";"MD_HUB_MASTER_EXTRA";"0";"";"";"";"";"";"";"";"";"0";"0";"pim_catalog_text";"0";"0";"";"";""
"MD_HUB_SHIP_TO_ADDRESS_1";"MD SHIP_TO_ADDRESS_1";"";"";"";"";"";"";"";"MD_HUB_MASTER_EXTRA";"0";"";"";"";"";"";"";"";"";"0";"0";"pim_catalog_text";"0";"0";"";"";""
"MD_HUB_SHIP_TO_ADDRESS_2";"MD SHIP_TO_ADDRESS_2";"";"";"";"";"";"";"";"MD_HUB_MASTER_EXTRA";"0";"";"";"";"";"";"";"";"";"0";"0";"pim_catalog_text";"0";"0";"";"";""
"MD_HUB_SHIP_TO_ADDRESS_3";"MD SHIP_TO_ADDRESS_3";"";"";"";"";"";"";"";"MD_HUB_MASTER_EXTRA";"0";"";"";"";"";"";"";"";"";"0";"0";"pim_catalog_text";"0";"0";"";"";""
"MD_HUB_SHIP_TO_ADDRESS_4";"MD SHIP_TO_ADDRESS_4";"";"";"";"";"";"";"";"MD_HUB_MASTER_EXTRA";"0";"";"";"";"";"";"";"";"";"0";"0";"pim_catalog_text";"0";"0";"";"";""
"MD_HUB_SHIP_TO_ADDRESS_5";"MD SHIP_TO_ADDRESS_5";"";"";"";"";"";"";"";"MD_HUB_MASTER_EXTRA";"0";"";"";"";"";"";"";"";"";"0";"0";"pim_catalog_text";"0";"0";"";"";""
"MD_HUB_SHIP_TO_CITY";"MD SHIP_TO_CITY";"";"";"";"";"";"";"";"MD_HUB_MASTER_EXTRA";"0";"";"";"";"";"";"";"";"";"0";"0";"pim_catalog_text";"0";"0";"";"";""
"MD_HUB_SHIP_TO_COUNTY";"MD SHIP_TO_COUNTY";"";"";"";"";"";"";"";"MD_HUB_MASTER_EXTRA";"0";"";"";"";"";"";"";"";"";"0";"0";"pim_catalog_text";"0";"0";"";"";""
"MD_HUB_SHIP_TO_STATE";"MD SHIP_TO_STATE";"";"";"";"";"";"";"";"MD_HUB_MASTER_EXTRA";"0";"";"";"";"";"";"";"";"";"0";"0";"pim_catalog_text";"0";"0";"";"";""
"MD_HUB_SHIP_TO_COUNTRY";"MD SHIP_TO_COUNTRY";"";"";"";"";"";"";"";"MD_HUB_MASTER_EXTRA";"0";"";"";"";"";"";"";"";"";"0";"0";"pim_catalog_text";"0";"0";"";"";""
"MD_HUB_SHIP_TO_ZIP";"MD SHIP_TO_ZIP";"";"";"";"";"";"";"";"MD_HUB_MASTER_EXTRA";"0";"";"";"";"";"";"";"";"";"0";"0";"pim_catalog_text";"0";"0";"";"";""
"MD_HUB_VMI_INVENTORY_BASE_POLICY";"MD VMI_INVENTORY_BASE_POLICY";"";"";"";"";"";"";"";"MD_HUB_MASTER";"0";"";"";"";"";"";"";"";"";"0";"0";"pim_catalog_text";"0";"0";"";"";""
"MD_HUB_VMI_SUPPLY_INCLUSION_POLICY";"MD VMI_SUPPLY_INCLUSION_POLICY";"";"";"";"";"";"";"";"MD_HUB_MASTER";"0";"";"";"";"";"";"";"";"";"0";"0";"pim_catalog_text";"0";"0";"";"";""
"MD_HUB_WORKING_DAYS";"MD WORKING_DAYS";"";"";"";"";"";"";"";"MD_HUB_MASTER";"0";"";"";"";"";"";"";"";"";"0";"0";"pim_catalog_text";"0";"0";"";"";""
"MD_HUB_MONTHS_FOR_AVG_CONSUMPTION";"MD MONTHS_FOR_AVG_CONSUMPTION";"";"";"";"";"";"0";"";"MD_HUB_MASTER_EXTRA";"0";"";"";"";"";"0";"";"";"";"0";"0";"pim_catalog_number";"0";"0";"";"";""
"MD_HUB_COMMIT_QUANTITY_TOLERANCE_MIN";"MD COMMIT_QUANTITY_TOLERANCE_MIN";"";"";"";"";"";"";"";"MD_HUB_MASTER_EXTRA";"0";"";"";"";"";"";"";"";"";"0";"0";"pim_catalog_text";"0";"0";"";"";""
"MD_HUB_COMMIT_QUANTITY_TOLERANCE_MAX";"MD COMMIT_QUANTITY_TOLERANCE_MAX";"";"";"";"";"";"";"";"MD_HUB_MASTER_EXTRA";"0";"";"";"";"";"";"";"";"";"0";"0";"pim_catalog_text";"0";"0";"";"";""
"MD_HUB_BLANKET_ORDER_EXPIRY_TOLERANCE";"MD BLANKET_ORDER_EXPIRY_TOLERANCE";"";"";"";"";"";"";"";"MD_HUB_MASTER_EXTRA";"0";"";"";"";"";"";"";"";"";"0";"0";"pim_catalog_text";"0";"0";"";"";""
"MD_HUB_SHIPMENT_DELIVERY_DATE_CHANGE_TOLERANCE_DAYS";"MD SHIPMENT_DELIVERY_DATE_CHANGE_TOLERANCE_DAYS";"";"";"";"";"";"0";"";"MD_HUB_MASTER";"0";"";"";"";"";"0";"";"";"";"0";"0";"pim_catalog_number";"0";"0";"";"";""
"MD_HUB_SHIPMENT_RECEIVE_PENDING_TOLERANCE_DAYS";"MD SHIPMENT_RECEIVE_PENDING_TOLERANCE_DAYS";"";"";"";"";"";"0";"";"MD_HUB_MASTER";"0";"";"";"";"";"0";"";"";"";"0";"0";"pim_catalog_number";"0";"0";"";"";""
"MD_HUB_SHIPMENT_ALERT_WINDOW_DAYS";"MD SHIPMENT_ALERT_WINDOW_DAYS";"";"";"";"";"";"0";"";"MD_HUB_MASTER";"0";"";"";"";"";"0";"";"";"";"0";"0";"pim_catalog_number";"0";"0";"";"";""
"MD_HUB_DAYS_TO_MOVE_SHIPMENTS_TO_RECEIVED";"MD DAYS_TO_MOVE_SHIPMENTS_TO_RECEIVED";"";"";"";"";"";"";"";"MD_HUB_MASTER_EXTRA";"0";"";"";"";"";"";"";"";"";"0";"0";"pim_catalog_text";"0";"0";"";"";""
"MD_HUB_MAX_MOS";"MD MAX_MOS";"";"";"";"";"";"0";"";"MD_HUB_MASTER";"0";"";"";"";"";"0";"";"";"";"0";"0";"pim_catalog_number";"0";"0";"";"";""
"MD_HUB_MIN_MOS";"MD MIN_MOS";"";"";"";"";"";"0";"";"MD_HUB_MASTER";"0";"";"";"";"";"0";"";"";"";"0";"0";"pim_catalog_number";"0";"0";"";"";""
"MD_HUB_DESIRED_MOS";"MD DESIRED_MOS";"";"";"";"";"";"0";"";"MD_HUB_MASTER";"0";"";"";"";"";"0";"";"";"";"0";"0";"pim_catalog_number";"0";"0";"";"";""
"MD_HUB_MINIMUM_CUSTOMER_ORDER_QUANTITY";"MD MINIMUM_CUSTOMER_ORDER_QUANTITY";"";"";"";"";"";"";"";"MD_HUB_MASTER_EXTRA";"0";"";"";"";"";"";"";"";"";"0";"0";"pim_catalog_text";"0";"0";"";"";""
"MD_HUB_SUPPLIER_SHIPMENT_SIZE";"MD SUPPLIER_SHIPMENT_SIZE";"";"";"";"";"";"";"";"MD_HUB_MASTER_EXTRA";"0";"";"";"";"";"";"";"";"";"0";"0";"pim_catalog_text";"0";"0";"";"";""
"MD_HUB_MIN_TOLERANCE_REQUEST_PROMISE_QUANTITY";"MD MIN_TOLERANCE_REQUEST_PROMISE_QUANTITY";"";"";"";"";"";"";"";"MD_HUB_MASTER_EXTRA";"0";"";"";"";"";"";"";"";"";"0";"0";"pim_catalog_text";"0";"0";"";"";""
"MD_HUB_MAX_TOLERANCE_REQUEST_PROMISE_QUANTITY";"MD MAX_TOLERANCE_REQUEST_PROMISE_QUANTITY";"";"";"";"";"";"";"";"MD_HUB_MASTER_EXTRA";"0";"";"";"";"";"";"";"";"";"0";"0";"pim_catalog_text";"0";"0";"";"";""
"MD_HUB_MIN_TOLERANCE_REQUEST_SHIPPED_QUANTITY";"MD MIN_TOLERANCE_REQUEST_SHIPPED_QUANTITY";"";"";"";"";"";"";"";"MD_HUB_MASTER_EXTRA";"0";"";"";"";"";"";"";"";"";"0";"0";"pim_catalog_text";"0";"0";"";"";""
"MD_HUB_MAX_TOLERANCE_REQUEST_SHIPPED_QUANTITY";"MD MAX_TOLERANCE_REQUEST_SHIPPED_QUANTITY";"";"";"";"";"";"";"";"MD_HUB_MASTER_EXTRA";"0";"";"";"";"";"";"";"";"";"0";"0";"pim_catalog_text";"0";"0";"";"";""
"MD_HUB_MIN_TOLERANCE_REQUEST_RECEIVED_QUANTITY";"MD MIN_TOLERANCE_REQUEST_RECEIVED_QUANTITY";"";"";"";"";"";"";"";"MD_HUB_MASTER_EXTRA";"0";"";"";"";"";"";"";"";"";"0";"0";"pim_catalog_text";"0";"0";"";"";""
"MD_HUB_MAX_TOLERANCE_REQUEST_RECEIVED_QUANTITY";"MD MAX_TOLERANCE_REQUEST_RECEIVED_QUANTITY";"";"";"";"";"";"";"";"MD_HUB_MASTER_EXTRA";"0";"";"";"";"";"";"";"";"";"0";"0";"pim_catalog_text";"0";"0";"";"";""
"MD_HUB_MIN_TOLERANCE_REQUEST_INVOICED_QUANTITY";"MD MIN_TOLERANCE_REQUEST_INVOICED_QUANTITY";"";"";"";"";"";"";"";"MD_HUB_MASTER_EXTRA";"0";"";"";"";"";"";"";"";"";"0";"0";"pim_catalog_text";"0";"0";"";"";""
"MD_HUB_MAX_TOLERANCE_REQUEST_INVOICED_QUANTITY";"MD MAX_TOLERANCE_REQUEST_INVOICED_QUANTITY";"";"";"";"";"";"";"";"MD_HUB_MASTER_EXTRA";"0";"";"";"";"";"";"";"";"";"0";"0";"pim_catalog_text";"0";"0";"";"";""
"MD_HUB_MIN_TOLERANCE_RECEIVED_INVOICED_QUANTITY";"MD MIN_TOLERANCE_RECEIVED_INVOICED_QUANTITY";"";"";"";"";"";"";"";"MD_HUB_MASTER_EXTRA";"0";"";"";"";"";"";"";"";"";"0";"0";"pim_catalog_text";"0";"0";"";"";""
"MD_HUB_MAX_TOLERANCE_RECEIVED_INVOICED_QUANTITY";"MD MAX_TOLERANCE_RECEIVED_INVOICED_QUANTITY";"";"";"";"";"";"";"";"MD_HUB_MASTER_EXTRA";"0";"";"";"";"";"";"";"";"";"0";"0";"pim_catalog_text";"0";"0";"";"";""
"MD_HUB_MIN_TOLERANCE_INVOICE_PRICE_MISMATCH";"MD MIN_TOLERANCE_INVOICE_PRICE_MISMATCH";"";"";"";"";"";"";"";"MD_HUB_MASTER_EXTRA";"0";"";"";"";"";"";"";"";"";"0";"0";"pim_catalog_text";"0";"0";"";"";""
"MD_HUB_MAX_TOLERANCE_INVOICE_PRICE_MISMATCH";"MD MAX_TOLERANCE_INVOICE_PRICE_MISMATCH";"";"";"";"";"";"";"";"MD_HUB_MASTER_EXTRA";"0";"";"";"";"";"";"";"";"";"0";"0";"pim_catalog_text";"0";"0";"";"";""
"MD_HUB_LATE_SHIPMENTS_TOLERANCE";"MD LATE_SHIPMENTS_TOLERANCE";"";"";"";"";"";"";"";"MD_HUB_MASTER_EXTRA";"0";"";"";"";"";"";"";"";"";"0";"0";"pim_catalog_text";"0";"0";"";"";""
"MD_HUB_LATE_DELIVERIES_TOLERANCE";"MD LATE_DELIVERIES_TOLERANCE";"";"";"";"";"";"";"";"MD_HUB_MASTER_EXTRA";"0";"";"";"";"";"";"";"";"";"0";"0";"pim_catalog_text";"0";"0";"";"";""
"MD_HUB_GEO_REGION";"MD GEO_REGION";"";"";"";"";"";"";"";"MD_HUB_MASTER";"0";"";"";"";"";"";"";"";"";"0";"0";"pim_catalog_text";"0";"1";"";"";""
"MD_HUB_GEO_SUB_REGION";"MD GEO_SUB_REGION";"";"";"";"";"";"";"";"MD_HUB_MASTER";"0";"";"";"";"";"";"";"";"";"0";"0";"pim_catalog_text";"0";"1";"";"";""
"MD_HUB_GEO_INT_REGION";"MD GEO_INT_REGION";"";"";"";"";"";"";"";"MD_HUB_MASTER";"0";"";"";"";"";"";"";"";"";"0";"0";"pim_catalog_text";"0";"1";"";"";""
"MD_HUB_FLEX_STRING_CUSTOMER_04";"MD FLEX_STRING_CUSTOMER_04";"";"";"";"";"";"";"";"MD_HUB_MASTER_EXTRA";"0";"";"";"";"";"";"";"";"";"0";"0";"pim_catalog_text";"0";"0";"";"";""
"MD_HUB_FLEX_STRING_CUSTOMER_05";"MD FLEX_STRING_CUSTOMER_05";"";"";"";"";"";"";"";"MD_HUB_MASTER_EXTRA";"0";"";"";"";"";"";"";"";"";"0";"0";"pim_catalog_text";"0";"0";"";"";""
"MD_HUB_FLEX_STRING_SUPPLIER_01";"MD FLEX_STRING_SUPPLIER_01";"";"";"";"";"";"";"";"MD_HUB_MASTER_EXTRA";"0";"";"";"";"";"";"";"";"";"0";"0";"pim_catalog_text";"0";"0";"";"";""
"MD_HUB_FLEX_STRING_SUPPLIER_02";"MD FLEX_STRING_SUPPLIER_02";"";"";"";"";"";"";"";"MD_HUB_MASTER_EXTRA";"0";"";"";"";"";"";"";"";"";"0";"0";"pim_catalog_text";"0";"0";"";"";""
"MD_HUB_FLEX_STRING_SUPPLIER_03";"MD FLEX_STRING_SUPPLIER_03";"";"";"";"";"";"";"";"MD_HUB_MASTER_EXTRA";"0";"";"";"";"";"";"";"";"";"0";"0";"pim_catalog_text";"0";"0";"";"";""
"MD_HUB_FLEX_STRING_SUPPLIER_04";"MD FLEX_STRING_SUPPLIER_04";"";"";"";"";"";"";"";"MD_HUB_MASTER_EXTRA";"0";"";"";"";"";"";"";"";"";"0";"0";"pim_catalog_text";"0";"0";"";"";""
"MD_HUB_FLEX_STRING_SUPPLIER_05";"MD FLEX_STRING_SUPPLIER_05";"";"";"";"";"";"";"";"MD_HUB_MASTER_EXTRA";"0";"";"";"";"";"";"";"";"";"0";"0";"pim_catalog_text";"0";"0";"";"";""
"MD_HUB_FLEX_STRING_CUSTOMER_SITE_01";"MD FLEX_STRING_CUSTOMER_SITE_01";"";"";"";"";"";"";"";"MD_HUB_MASTER_EXTRA";"0";"";"";"";"";"";"";"";"";"0";"0";"pim_catalog_text";"0";"0";"";"";""
"MD_HUB_FLEX_STRING_CUSTOMER_SITE_02";"MD FLEX_STRING_CUSTOMER_SITE_02";"";"";"";"";"";"";"";"MD_HUB_MASTER_EXTRA";"0";"";"";"";"";"";"";"";"";"0";"0";"pim_catalog_text";"0";"0";"";"";""
"MD_HUB_FLEX_STRING_CUSTOMER_SITE_03";"MD FLEX_STRING_CUSTOMER_SITE_03";"";"";"";"";"";"";"";"MD_HUB_MASTER_EXTRA";"0";"";"";"";"";"";"";"";"";"0";"0";"pim_catalog_text";"0";"0";"";"";""
"MD_HUB_FLEX_STRING_CUSTOMER_SITE_04";"MD FLEX_STRING_CUSTOMER_SITE_04";"";"";"";"";"";"";"";"MD_HUB_MASTER_EXTRA";"0";"";"";"";"";"";"";"";"";"0";"0";"pim_catalog_text";"0";"0";"";"";""
"MD_HUB_FLEX_STRING_CUSTOMER_SITE_05";"MD FLEX_STRING_CUSTOMER_SITE_05";"";"";"";"";"";"";"";"MD_HUB_MASTER_EXTRA";"0";"";"";"";"";"";"";"";"";"0";"0";"pim_catalog_text";"0";"0";"";"";""
"MD_HUB_FLEX_INTEGER_CUSTOMER_SITE_01";"MD FLEX_INTEGER_CUSTOMER_SITE_01";"";"";"";"";"";"0";"";"MD_HUB_MASTER_EXTRA";"0";"";"";"";"";"0";"";"";"";"0";"0";"pim_catalog_number";"0";"0";"";"";""
"MD_HUB_FLEX_INTEGER_CUSTOMER_SITE_02";"MD FLEX_INTEGER_CUSTOMER_SITE_02";"";"";"";"";"";"0";"";"MD_HUB_MASTER_EXTRA";"0";"";"";"";"";"0";"";"";"";"0";"0";"pim_catalog_number";"0";"0";"";"";""
"MD_HUB_FLEX_INTEGER_CUSTOMER_SITE_03";"MD FLEX_INTEGER_CUSTOMER_SITE_03";"";"";"";"";"";"0";"";"MD_HUB_MASTER_EXTRA";"0";"";"";"";"";"0";"";"";"";"0";"0";"pim_catalog_number";"0";"0";"";"";""
"MD_HUB_FLEX_FLOAT_CUSTOMER_SITE_01";"MD FLEX_FLOAT_CUSTOMER_SITE_01";"";"";"";"";"";"0";"";"MD_HUB_MASTER_EXTRA";"0";"";"";"";"";"0";"";"";"";"0";"0";"pim_catalog_number";"0";"0";"";"";""
"MD_HUB_FLEX_FLOAT_CUSTOMER_SITE_02";"MD FLEX_FLOAT_CUSTOMER_SITE_02";"";"";"";"";"";"0";"";"MD_HUB_MASTER_EXTRA";"0";"";"";"";"";"0";"";"";"";"0";"0";"pim_catalog_number";"0";"0";"";"";""
"MD_HUB_FLEX_FLOAT_CUSTOMER_SITE_03";"MD FLEX_FLOAT_CUSTOMER_SITE_03";"";"";"";"";"";"0";"";"MD_HUB_MASTER_EXTRA";"0";"";"";"";"";"0";"";"";"";"0";"0";"pim_catalog_number";"0";"0";"";"";""
"GS1_GTIN_FOR_A_GS1_STANDARD_ITEM";"GS1 Trade Item Identification GTIN";"";"";"";"";"";"";"";"GS1_GENERAL_ITEM_INFORMATION";"0";"15";"";"";"";"";"";"";"";"0";"0";"pim_catalog_text";"1";"1";"";"";""
"GTIN";"GTIN";"";"";"";"";"";"";"";"GS1_GENERAL_ITEM_INFORMATION";"0";"";"";"";"";"";"";"";"";"0";"0";"pim_catalog_text";"0";"1";"";"";""
"MD_SUPPLIER_MASTER_DUNS";"MD SUPPLIER MASTER DUNS";"";"";"";"";"";"";"";"MD_SUPPLIER_MASTER";"0";"";"";"";"";"";"";"";"";"0";"0";"pim_catalog_text";"0";"0";"";"";""
"MD_SUPPLIER_MASTER_SUPPLIERGS1ID";"MD SUPPLIER MASTER SUPPLIERGS1ID";"";"";"";"";"";"";"";"MD_SUPPLIER_MASTER";"0";"";"";"";"";"";"";"";"";"0";"0";"pim_catalog_text";"0";"1";"";"";""
"MD_SUPPLIER_MASTER_SUPPLIER_TAX_NUMBER";"MD SUPPLIER MASTER SUPPLIER TAX NUMBER";"";"";"";"";"";"";"";"MD_SUPPLIER_MASTER";"0";"";"";"";"";"";"";"";"";"0";"0";"pim_catalog_text";"0";"0";"";"";""
"MD_SUPPLIER_MASTER_SUPPLIER_ADDRESS_EXTERNAL_ID";"MD SUPPLIER MASTER SUPPLIER ADDRESS EXTERNAL ID";"";"";"";"";"";"";"";"MD_SUPPLIER_MASTER";"0";"";"";"";"";"";"";"";"";"0";"0";"pim_catalog_text";"0";"0";"";"";""
"MD_SUPPLIER_MASTER_SUPPLIER_ADDRESS_DESCRIPTOR";"MD SUPPLIER MASTER SUPPLIER ADDRESS DESCRIPTOR";"";"";"";"";"";"";"";"MD_SUPPLIER_MASTER";"0";"";"";"";"";"";"";"";"";"0";"0";"pim_catalog_text";"0";"0";"";"";""
"MD_SUPPLIER_MASTER_SUPPLIER_ADDRESS_1";"MD SUPPLIER MASTER SUPPLIER ADDRESS 1";"";"";"";"";"";"";"";"MD_SUPPLIER_MASTER";"0";"";"";"";"";"";"";"";"";"0";"0";"pim_catalog_text";"0";"0";"";"";""
"MD_SUPPLIER_MASTER_SUPPLIER_ADDRESS_2";"MD SUPPLIER MASTER SUPPLIER ADDRESS 2";"";"";"";"";"";"";"";"MD_SUPPLIER_MASTER";"0";"";"";"";"";"";"";"";"";"0";"0";"pim_catalog_text";"0";"0";"";"";""
"MD_SUPPLIER_MASTER_SUPPLIER_ADDRESS_3";"MD SUPPLIER MASTER SUPPLIER ADDRESS 3";"";"";"";"";"";"";"";"MD_SUPPLIER_MASTER";"0";"";"";"";"";"";"";"";"";"0";"0";"pim_catalog_text";"0";"0";"";"";""
"MD_SUPPLIER_MASTER_SUPPLIER_ADDRESS_4";"MD SUPPLIER MASTER SUPPLIER ADDRESS 4";"";"";"";"";"";"";"";"MD_SUPPLIER_MASTER";"0";"";"";"";"";"";"";"";"";"0";"0";"pim_catalog_text";"0";"0";"";"";""
"MD_SUPPLIER_MASTER_SUPPLIER_ADDRESS_5";"MD SUPPLIER MASTER SUPPLIER ADDRESS 5";"";"";"";"";"";"";"";"MD_SUPPLIER_MASTER";"0";"";"";"";"";"";"";"";"";"0";"0";"pim_catalog_text";"0";"0";"";"";""
"MD_SUPPLIER_MASTER_SUPPLIER_CITY";"MD SUPPLIER MASTER SUPPLIER CITY";"";"";"";"";"";"";"";"MD_SUPPLIER_MASTER";"0";"";"";"";"";"";"";"";"";"0";"0";"pim_catalog_text";"0";"0";"";"";""
"MD_SUPPLIER_MASTER_SUPPLIER_COUNTY";"MD SUPPLIER MASTER SUPPLIER COUNTY";"";"";"";"";"";"";"";"MD_SUPPLIER_MASTER";"0";"";"";"";"";"";"";"";"";"0";"0";"pim_catalog_text";"0";"0";"";"";""
"MD_SUPPLIER_MASTER_SUPPLIER_STATE";"MD SUPPLIER MASTER SUPPLIER STATE";"";"";"";"";"";"";"";"MD_SUPPLIER_MASTER";"0";"";"";"";"";"";"";"";"";"0";"0";"pim_catalog_text";"0";"0";"";"";""
"MD_SUPPLIER_MASTER_ADDRESS_COUNTRY";"MD SUPPLIER MASTER ADDRESS COUNTRY";"";"";"";"";"";"";"";"MD_SUPPLIER_MASTER";"0";"";"";"";"";"";"";"";"";"0";"0";"pim_catalog_text";"0";"0";"";"";""
"MD_SUPPLIER_MASTER_SUPPLIER_ZIP";"MD SUPPLIER MASTER SUPPLIER ZIP";"";"";"";"";"";"";"";"MD_SUPPLIER_MASTER";"0";"";"";"";"";"";"";"";"";"0";"0";"pim_catalog_text";"0";"0";"";"";""
"MD_SUPPLIER_MASTER_REMIT_TO_ADDRESS_EXTERNAL_ID";"MD SUPPLIER MASTER REMIT TO ADDRESS EXTERNAL ID";"";"";"";"";"";"";"";"MD_SUPPLIER_MASTER";"0";"";"";"";"";"";"";"";"";"0";"0";"pim_catalog_text";"0";"0";"";"";""
"MD_SUPPLIER_MASTER_REMIT_TO_ADDRESS_DESCRIPTOR";"MD SUPPLIER MASTER REMIT TO ADDRESS DESCRIPTOR";"";"";"";"";"";"";"";"MD_SUPPLIER_MASTER";"0";"";"";"";"";"";"";"";"";"0";"0";"pim_catalog_text";"0";"0";"";"";""
"MD_SUPPLIER_MASTER_REMIT_TO_ADDRESS_1";"MD SUPPLIER MASTER REMIT TO ADDRESS 1";"";"";"";"";"";"";"";"MD_SUPPLIER_MASTER";"0";"";"";"";"";"";"";"";"";"0";"0";"pim_catalog_text";"0";"0";"";"";""
"MD_SUPPLIER_MASTER_REMIT_TO_ADDRESS_2";"MD SUPPLIER MASTER REMIT TO ADDRESS 2";"";"";"";"";"";"";"";"MD_SUPPLIER_MASTER";"0";"";"";"";"";"";"";"";"";"0";"0";"pim_catalog_text";"0";"0";"";"";""
"MD_SUPPLIER_MASTER_REMIT_TO_ADDRESS_3";"MD SUPPLIER MASTER REMIT TO ADDRESS 3";"";"";"";"";"";"";"";"MD_SUPPLIER_MASTER";"0";"";"";"";"";"";"";"";"";"0";"0";"pim_catalog_text";"0";"0";"";"";""
"MD_SUPPLIER_MASTER_REMIT_TO_ADDRESS_4";"MD SUPPLIER MASTER REMIT TO ADDRESS 4";"";"";"";"";"";"";"";"MD_SUPPLIER_MASTER";"0";"";"";"";"";"";"";"";"";"0";"0";"pim_catalog_text";"0";"0";"";"";""
"MD_SUPPLIER_MASTER_REMIT_TO_ADDRESS_5";"MD SUPPLIER MASTER REMIT TO ADDRESS 5";"";"";"";"";"";"";"";"MD_SUPPLIER_MASTER";"0";"";"";"";"";"";"";"";"";"0";"0";"pim_catalog_text";"0";"0";"";"";""
"MD_SUPPLIER_MASTER_REMIT_TO_CITY";"MD SUPPLIER MASTER REMIT TO CITY";"";"";"";"";"";"";"";"MD_SUPPLIER_MASTER";"0";"";"";"";"";"";"";"";"";"0";"0";"pim_catalog_text";"0";"0";"";"";""
"MD_SUPPLIER_MASTER_REMIT_TO_COUNTY";"MD SUPPLIER MASTER REMIT TO COUNTY";"";"";"";"";"";"";"";"MD_SUPPLIER_MASTER";"0";"";"";"";"";"";"";"";"";"0";"0";"pim_catalog_text";"0";"0";"";"";""
"MD_SUPPLIER_MASTER_REMIT_TO_STATE";"MD SUPPLIER MASTER REMIT TO STATE";"";"";"";"";"";"";"";"MD_SUPPLIER_MASTER";"0";"";"";"";"";"";"";"";"";"0";"0";"pim_catalog_text";"0";"0";"";"";""
"MD_SUPPLIER_MASTER_REMIT_TO_COUNTRY";"MD SUPPLIER MASTER REMIT TO COUNTRY";"";"";"";"";"";"";"";"MD_SUPPLIER_MASTER";"0";"";"";"";"";"";"";"";"";"0";"0";"pim_catalog_text";"0";"0";"";"";""
"MD_SUPPLIER_MASTER_REMIT_TO_ZIP";"MD SUPPLIER MASTER REMIT TO ZIP";"";"";"";"";"";"";"";"MD_SUPPLIER_MASTER";"0";"";"";"";"";"";"";"";"";"0";"0";"pim_catalog_text";"0";"0";"";"";""
"MD_SUPPLIER_MASTER_GLN";"MD SUPPLIER MASTER GLN";"";"";"";"";"";"";"";"MD_SUPPLIER_MASTER";"0";"";"";"";"";"";"";"";"";"0";"0";"pim_catalog_text";"0";"1";"";"";""
"MD_SUPPLIER_MASTER_ALIASES";"MD SUPPLIER MASTER ALIASES";"";"";"";"";"";"";"";"MD_SUPPLIER_MASTER";"0";"";"";"";"";"";"";"";"";"0";"0";"pim_catalog_text";"0";"1";"";"";""
"MD_SUPPLIER_MASTER_FLEX_STRING_SUPPLIER_03";"MD SUPPLIER MASTER FLEX STRING SUPPLIER 03";"";"";"";"";"";"";"";"MD_SUPPLIER_MASTER";"0";"";"";"";"";"";"";"";"";"0";"0";"pim_catalog_text";"0";"0";"";"";""
"MD_SUPPLIER_MASTER_FLEX_STRING_SUPPLIER_04";"MD SUPPLIER MASTER FLEX STRING SUPPLIER 04";"";"";"";"";"";"";"";"MD_SUPPLIER_MASTER";"0";"";"";"";"";"";"";"";"";"0";"0";"pim_catalog_text";"0";"0";"";"";""
"MD_SUPPLIER_MASTER_FLEX_STRING_SUPPLIER_05";"MD SUPPLIER MASTER FLEX STRING SUPPLIER 05";"";"";"";"";"";"";"";"MD_SUPPLIER_MASTER";"0";"";"";"";"";"";"";"";"";"0";"0";"pim_catalog_text";"0";"0";"";"";""
"MD_SUPPLIER_MASTER_SUPPLIER_PROMISE_NEEDED";"MD SUPPLIER MASTER SUPPLIER PROMISE NEEDED";"";"";"";"";"";"";"";"MD_SUPPLIER_MASTER";"0";"";"";"";"";"";"";"";"";"0";"0";"pim_catalog_simpleselect";"0";"0";"";"";""
"MD_SUPPLIER_MASTER_SUPPLIER_HOLD_FLAG";"MD SUPPLIER MASTER SUPPLIER HOLD FLAG";"";"";"";"";"";"";"";"MD_SUPPLIER_MASTER";"0";"";"";"";"";"";"";"";"";"0";"0";"pim_catalog_simpleselect";"0";"0";"";"";""
"MD_SUPPLIER_MASTER_SUPPLIER_STATUS";"MD SUPPLIER MASTER SUPPLIER STATUS";"";"";"";"";"";"";"";"MD_SUPPLIER_MASTER";"0";"";"";"";"";"";"";"";"";"0";"0";"pim_catalog_simpleselect";"0";"0";"";"";""
"MD_SUPPLIER_MASTER_BPO_REMAINING_QTY_TOL";"MD SUPPLIER MASTER BPO REMAINING QTY TOL";"";"";"";"";"";"1";"";"MD_SUPPLIER_MASTER";"0";"";"";"";"";"0";"";"";"";"0";"0";"pim_catalog_number";"0";"0";"";"";""
"MD_SUPPLIER_MASTER_SUPPLIER_SITE";"MD SUPPLIER MASTER SUPPLIER SITE";"";"";"";"";"";"";"";"MD_SUPPLIER_MASTER";"0";"";"";"";"";"";"";"";"";"0";"0";"pim_catalog_text";"0";"1";"";"";""
"COUNTRY_REGULATORY_CODE";"COUNTRY_REGULATORY_CODE";"";"";"";"";"";"";"";"PRODUCT_CODING";"0";"15";"";"";"";"";"";"";"";"0";"0";"pim_catalog_text";"0";"1";"";"";""
"LOCAL_REGULATORY_CODE";"Local Regulatory Code";"";"";"";"";"";"";"";"PRODUCT_CODING";"0";"";"";"";"";"";"";"";"";"0";"0";"pim_catalog_text";"0";"1";"";"";""
"123";"";"";"";"";"";"";"";"";"PRODUCT_CODING";"0";"";"";"";"";"";"";"";"";"0";"0";"pim_catalog_text";"0";"0";"";"";""
