"sku";"categories";"enabled";"family";"groups";"123";"GS1_ADDITIONALTRADEITEMCLASSIFICATIONCODEVALUE";"GS1_ADDITIONALTRADEITEMCLASSIFICATIONSYSTEMCODE";"GS1_ADDITIONALTRADEITEMDESCRIPTION";"GS1_ADDITIONALTRADEITEMDESCRIPTION_LANGUAGECODE";"GS1_ADDITIONALTRADEITEMIDENTIFICATION";"GS1_ADDITIONALTRADEITEMIDENTIFICATIONTYPECODE";"GS1_BRANDNAME";"GS1_BRANDOWNERGLN";"GS1_BRANDOWNERPARTYNAME";"GS1_COLOURCODE";"GS1_COLOURCODELISTCODE";"GS1_COLOURDESCRIPTION";"GS1_CONSUMERSTORAGEINSTRUCTIONS";"GS1_CONSUMERSTORAGEINSTRUCTIONS_LANGUAGECODE";"GS1_CONSUMERUSAGEINSTRUCTIONS";"GS1_CONSUMERUSAGEINSTRUCTIONS_LANGUAGECODE";"GS1_CONTOLLEDSUBSTANCECODE";"GS1_CONTROLLEDSUBSTANCEAMOUNT";"GS1_CONTROLLEDSUBSTANCEAMOUNT_MEASUREMENTUNITCODE";"GS1_CONTROLLEDSUBSTANCENAME";"GS1_CONTROLLEDSUBSTANCESCHEDULECODEREFERENCE";"GS1_DATACARRIERTYPECODE";"GS1_DEPTH";"GS1_DEPTH_MEASUREMENTUNITCODE";"GS1_DESCRIPTIONSHORT";"GS1_DESCRIPTIONSHORT_LANGUAGECODE";"GS1_DIAMETER";"GS1_DIAMETER_MEASUREMENTUNITCODE";"GS1_DOESITEMCONTAINACONTROLLEDSUBSTANCE";"GS1_DOSAGEFORMTYPECODEREFERENCE";"GS1_DOSAGERECOMMENDATION";"GS1_DOSAGERECOMMENDATION_LANGUAGECODE";"GS1_DOSAGERESTRICTIONLIMITS";"GS1_DOSAGERESTRICTIONLIMITS_LANGUAGECODE";"GS1_EFFECTIVEDATETIME";"GS1_ENUMERATIONVALUE";"GS1_ENUMERATIONVALUEDESCRIPTION";"GS1_ENUMERATIONVALUEDESCRIPTION_LANGUAGECODE";"GS1_EXTERNALAGENCYNAME";"GS1_EXTERNALCODELISTNAME";"GS1_FUNCTIONALNAME";"GS1_FUNCTIONALNAME_LANGUAGECODE";"GS1_GPCCATEGORYCODE";"GS1_GROSSWEIGHT";"GS1_GROSSWEIGHT_MEASUREMENTUNITCODE";"GS1_GS1TRADEITEMIDENTIFICATIONKEYCODE";"GS1_GS1TRADEITEMIDENTIFICATIONKEYVALUE";"GS1_HANDLINGINSTRUCTIONCODEREFERENCE";"GS1_HAZARDOUSWASTEINFORMATIONHAZARDOUSWASTEAGENCY";"GS1_HAZARDOUSWASTEINFORMATIONHAZARDOUSWASTECODE";"GS1_HAZARDOUSWASTEINFORMATIONHAZARDOUSWASTEDESCRIPTION";"GS1_HAZARDOUSWASTEINFORMATIONHAZARDOUSWASTEDESCRIPTION_LANGUAGECODE";"GS1_HAZARDOUSWASTEINFORMATIONISACUTELYHAZARDOUSWASTE";"GS1_HAZARDOUSWASTEINFORMATIONISUNIVERSALWASTE";"GS1_HAZARDOUSWASTEINFORMATIONNONHAZARDOUSWASTEDESCRIPTION";"GS1_HAZARDOUSWASTEINFORMATIONNONHAZARDOUSWASTEDESCRIPTION_LANGUAGECODE";"GS1_HEIGHT";"GS1_HEIGHT_MEASUREMENTUNITCODE";"GS1_IISTRADEITEMAVARIABLEUNIT";"GS1_IMPORTCLASSIFICATIONTYPECODE";"GS1_IMPORTCLASSIFICATIONVALUE";"GS1_INBOXCUBEDIMENSION";"GS1_INFORMATIONPROVIDEROFTRADEITEMGLN";"GS1_INFORMATIONPROVIDEROFTRADEITEMPARTYADDRESS";"GS1_INFORMATIONPROVIDEROFTRADEITEMPARTYNAME";"GS1_INGREDIENTSTRENGTH";"GS1_INGREDIENTSTRENGTHBASIS";"GS1_INGREDIENTSTRENGTHBASIS_MEASUREMENTUNITCODE";"GS1_INGREDIENTSTRENGTH_MEASUREMENTUNITCODE";"GS1_ISDANGEROUSSUBSTANCE";"GS1_ISINGREDIENTACTIVE";"GS1_ISINGREDIENTGENERIC";"GS1_ISPACKAGINGMARKEDRETURNABLE";"GS1_ISTRADEITEMABASEUNIT";"GS1_ISTRADEITEMACONSUMERUNIT";"GS1_ISTRADEITEMADESPATCHUNIT";"GS1_ISTRADEITEMANINVOICEUNIT";"GS1_ISTRADEITEMANORDERABLEUNIT";"GS1_MANUFACTUREROFTRADEITEMGLN";"GS1_MANUFACTUREROFTRADEITEMPARTYADDRESS";"GS1_MANUFACTUREROFTRADEITEMPARTYNAME";"GS1_MAXIMUMTEMPERATURE";"GS1_MAXIMUMTEMPERATUREACCEPTABLETIMESPAN";"GS1_MAXIMUMTEMPERATUREACCEPTABLETIMESPAN_MEASUREMENTUNITCODE";"GS1_MAXIMUMTEMPERATURE_MEASUREMENTUNITCODE";"GS1_MAXIMUMTOLERANCETEMPERATURE";"GS1_MAXIMUMTOLERANCETEMPERATURE_MEASUREMENTUNITCODE";"GS1_MINIMUMTEMPERATURE";"GS1_MINIMUMTEMPERATURE_MEASUREMENTUNITCODE";"GS1_MINIMUMTOLERANCETEMPERATURE";"GS1_MINIMUMTOLERANCETEMPERATURE_MEASUREMENTUNITCODE";"GS1_MINIMUMTRADEITEMLIFESPANFROMTIMEOFARRIVAL";"GS1_MINIMUMTRADEITEMLIFESPANFROMTIMEOFPRODUCTION";"GS1_NETCONTENT";"GS1_NETCONTENT_MEASUREMENTUNITCODE";"GS1_NETWEIGHT";"GS1_NETWEIGHT_MEASUREMENTUNITCODE";"GS1_NONFOODINGREDIENTNAME";"GS1_NONFOODINGREDIENTOFCONCERNCODE";"GS1_NONGTINLOGISTICSUNITINFORMATIONDEPTH";"GS1_NONGTINLOGISTICSUNITINFORMATIONDEPTHC_MEASUREMENTUNITCODE";"GS1_NONGTINLOGISTICSUNITINFORMATIONDEPTH_MEASUREMENTUNITCODE";"GS1_NONGTINLOGISTICSUNITINFORMATIONEGROSSWEIGHT";"GS1_NONGTINLOGISTICSUNITINFORMATIONEGROSSWEIGHT_MEASUREMENTUNITCODE";"GS1_NONGTINLOGISTICSUNITINFORMATIONHEIGHT";"GS1_NONGTINLOGISTICSUNITINFORMATIONHEIGHT_MEASUREMENTUNITCODE";"GS1_NONGTINLOGISTICSUNITINFORMATIONWIDTH";"GS1_NONGTINLOGISTICSUNITINFORMATIONWIDTH_MEASUREMENTUNITCODE";"GS1_PACKAGINGPACKAGINGWEIGHT";"GS1_PACKAGINGPLATFORMTYPECODE";"GS1_PACKAGINGTYPECODE";"GS1_PERMITENDDATETIME";"GS1_PERMITSTARTDATETIME";"GS1_PLACEOFPRODUCTACTIVITYCOUNTRYOFORIGINCOUNTRYCODE";"GS1_QUANTITYOFCHILDREN";"GS1_QUANTITYOFCOMPLETELAYERSCONTAINEDINATRADEITEM";"GS1_QUANTITYOFLAYERSPERPALLET";"GS1_QUANTITYOFNEXTLEVELTRADEITEMWITHININNERPACK";"GS1_QUANTITYOFNEXTLOWERLEVELTRADEITEM";"GS1_QUANTITYOFTRADEITEMSCONTAINEDINACOMPLETELAYER";"GS1_QUANTITYOFTRADEITEMSPERPALLET";"GS1_QUANTITYOFTRADEITEMSPERPALLETLAYER";"GS1_REFERENCEDFILETYPECODE";"GS1_REGULATIONRESTRICTIONSANDDESCRIPTORS";"GS1_REGULATIONRESTRICTIONSANDDESCRIPTORS_LANGUAGECODE";"GS1_REGULATORYINFORMATIONREGULATIONTYPECODE";"GS1_REGULATORYPERMITIDENTIFICATION";"GS1_SAFETYDATASHEETINFORMATIONISREGULATEDFORTRANSPORTATION";"GS1_SHIPPINGCONTAINERTYPECODE";"GS1_SIZECODE";"GS1_SIZECODELISTCODE";"GS1_STARTAVAILABILITYDATETIME";"GS1_TARGETMARKETCOUNTRYCODE";"GS1_TEMPERATUREQUALIFIERCODE_STORAGE_HANDLING";"GS1_TOTALQUANTITYOFNEXTLOWERLEVELTRADEITEM";"GS1_TRADEITEMDESCRIPTION";"GS1_TRADEITEMDESCRIPTION_LANGUAGECODE";"GS1_TRADEITEMUNITDESCRIPTORCODE";"GS1_UNIFORMRESOURCEIDENTIFIER";"GS1_VOLUME_MEASUREMENTUNITCODE";"GS1_WARRANTYCONSTRAINT";"GS1_WARRANTYDURATION";"GS1_WARRANTYEFFECTIVEDATETYPE";"GS1_WARRANTYTYPE";"GS1_WIDTH";"GS1_WIDTH_MEASUREMENTUNITCODE";"GS1__GTIN_CHILD_NEXTLOWERLEVELTRADEITEMINFORMATION";"GTIN";"PACK-groups";"PACK-products";"PACK-product_models";"SUBSTITUTION-groups";"SUBSTITUTION-products";"SUBSTITUTION-product_models";"UPSELL-groups";"UPSELL-products";"UPSELL-product_models";"X_SELL-groups";"X_SELL-products";"X_SELL-product_models"
"00366582507970";"10000463,GDSN,GS1";"1";"GS1_GDSN";"";"";"";"";"";"";"";"";"Implanon NXT";"";"";"";"";"";"";"";"";"";"";"";"";"";"";"GS1_DATA_MATRIX";"";"";"Implantable Contraceptives";"";"";"";"";"";"";"";"";"";"";"Parenteral Slow-Release";"";"";"";"";"";"";"10000463";"";"";"";"";"";"";"";"";"";"";"";"";"";"";"";"0";"";"";"";"";"";"";"68.0000";"";"";"";"";"";"";"0";"0";"0";"0";"0";"0";"";"";"N.V. Organon";"";"";"";"";"";"";"";"";"";"";"";"1825";"";"";"";"";"";"";"";"";"";"";"";"";"";"";"";"";"";"";"";"";"";"";"";"";"";"";"";"";"";"";"";"";"";"";"";"";"";"";"";"D_A";"";"";"Etonogestrel 68 mg/rod, 1 Rod Implant";"eng";"BASE_UNIT_OR_EACH";"http://someurl.com";"";"";"";"";"";"";"";"";"00366582507970";"";"";"";"";"";"";"";"";"";"";"";""
"00366582507987";"10000463,GDSN,GS1";"1";"GS1_GDSN";"";"";"";"";"";"";"";"";"Implanon NXT";"";"";"";"";"";"";"";"";"";"";"";"";"";"";"GS1_DATA_MATRIX";"";"";"Implantable Contraceptives";"";"";"";"";"";"";"";"";"";"";"Parenteral Slow-Release";"";"";"";"";"";"";"10000463";"";"";"";"";"";"";"";"";"";"";"";"";"";"";"";"0";"";"";"";"";"";"";"68.0000";"";"";"";"";"";"";"0";"0";"0";"0";"0";"0";"";"";"N.V. Organon";"";"";"";"";"";"";"";"";"";"";"";"1825";"";"";"";"";"";"";"";"";"";"";"";"";"";"";"";"";"";"";"";"";"";"";"";"";"";"";"";"";"";"";"";"";"";"";"";"";"";"";"";"D_A";"";"";"Etonogestrel 68 mg/rod, 1 Rod Implant";"eng";"BASE_UNIT_OR_EACH";"http://someurl.com";"";"";"";"";"";"";"";"";"00366582507987";"";"";"";"";"";"";"";"";"";"";"";""
"00366582507994";"10000463,GDSN,GS1";"1";"GS1_GDSN";"";"";"";"";"";"";"";"";"Implanon NXT";"";"";"";"";"";"";"";"";"";"";"";"";"";"";"GS1_DATA_MATRIX";"";"";"Implantable Contraceptives";"";"";"";"";"";"";"";"";"";"";"Parenteral Slow-Release";"";"";"";"";"";"";"10000463";"";"";"";"";"";"";"";"";"";"";"";"";"";"";"";"0";"";"";"";"";"";"";"68.0000";"";"";"";"";"";"";"0";"0";"0";"0";"0";"0";"";"";"N.V. Organon";"";"";"";"";"";"";"";"";"";"";"";"1825";"";"";"";"";"";"";"";"";"";"";"";"";"";"";"";"";"";"";"";"";"";"";"";"";"";"";"";"";"";"";"";"";"";"";"";"";"";"";"";"D_A";"";"";"Etonogestrel 68 mg/rod, 1 Rod Implant";"eng";"BASE_UNIT_OR_EACH";"http://someurl.com";"";"";"";"";"";"";"";"";"00366582507994";"";"";"";"";"";"";"";"";"";"";"";""
"00366582508014";"10000463,GDSN,GS1";"1";"GS1_GDSN";"";"";"";"";"";"";"";"";"Implanon NXT";"";"";"";"";"";"";"";"";"";"";"";"";"";"";"GS1_DATA_MATRIX";"";"";"Implantable Contraceptives";"";"";"";"";"";"";"";"";"";"";"Parenteral Slow-Release";"";"";"";"";"";"";"10000463";"";"";"";"";"";"";"";"";"";"";"";"";"";"";"";"0";"";"";"";"";"";"";"68.0000";"";"";"";"";"";"";"0";"0";"0";"0";"0";"0";"";"";"N.V. Organon";"";"";"";"";"";"";"";"";"";"";"";"1825";"";"";"";"";"";"";"";"";"";"";"";"";"";"";"";"";"";"";"";"";"";"";"";"";"";"";"";"";"";"";"";"";"";"";"";"";"";"";"";"D_A";"";"";"Etonogestrel 68 mg/rod, 1 Rod Implant";"eng";"BASE_UNIT_OR_EACH";"http://someurl.com";"";"";"";"";"";"";"";"";"00366582508014";"";"";"";"";"";"";"";"";"";"";"";""
"00366582508021";"10000463,GDSN,GS1";"1";"GS1_GDSN";"";"";"";"";"";"";"";"";"Implanon NXT";"";"";"";"";"";"";"";"";"";"";"";"";"";"";"GS1_DATA_MATRIX";"";"";"Implantable Contraceptives";"";"";"";"";"";"";"";"";"";"";"Parenteral Slow-Release";"";"";"";"";"";"";"10000463";"";"";"";"";"";"";"";"";"";"";"";"";"";"";"";"0";"";"";"";"";"";"";"68.0000";"";"";"";"";"";"";"0";"0";"0";"0";"0";"0";"";"";"MSD";"";"";"";"";"";"";"";"";"";"";"";"1825";"";"";"";"";"";"";"";"";"";"";"";"";"";"";"";"";"";"";"";"";"";"";"";"";"";"";"";"";"";"";"";"";"";"";"";"";"";"";"";"D_A";"";"";"Etonogestrel 68 mg/rod, 1 Rod Implant";"eng";"BASE_UNIT_OR_EACH";"http://someurl.com";"";"";"";"";"";"";"";"";"00366582508021";"";"";"";"";"";"";"";"";"";"";"";""
"00366582508069";"10000463,GDSN,GS1";"1";"GS1_GDSN";"";"";"";"";"";"";"";"";"Marvelon 28";"";"";"";"";"";"";"";"";"";"";"";"";"";"";"GS1_DATA_MATRIX";"";"";"Combined Oral Contraceptives";"";"";"";"";"";"";"";"";"";"";"Oral Solid";"";"";"";"";"";"";"10000463";"";"";"";"";"";"";"";"";"";"";"";"";"";"";"";"0";"";"";"";"";"";"";"";"";"";"";"";"";"";"0";"0";"0";"0";"0";"0";"";"";"MSD";"";"";"";"";"";"";"";"";"";"";"";"1095";"";"";"";"";"";"";"";"";"";"";"";"";"";"";"";"";"";"";"";"";"";"";"";"";"";"";"";"";"";"";"";"";"";"";"";"";"";"";"";"D_A";"";"";"Desogestrel/Ethinyl Estradiol 150/30 mcg + Placebo 28 Tablets/Cycle";"eng";"BASE_UNIT_OR_EACH";"http://someurl.com";"";"";"";"";"";"";"";"";"00366582508069";"";"";"";"";"";"";"";"";"";"";"";""
"00366582508083";"10000463,GDSN,GS1";"1";"GS1_GDSN";"";"";"";"";"";"";"";"";"Exluton";"";"";"";"";"";"";"";"";"";"";"";"";"";"";"GS1_DATA_MATRIX";"";"";"Progestogen Only Pills";"";"";"";"";"";"";"";"";"";"";"Oral Solid";"";"";"";"";"";"";"10000463";"";"";"";"";"";"";"";"";"";"";"";"";"";"";"";"0";"";"";"";"";"";"";"0.5000";"";"";"";"";"";"";"0";"0";"0";"0";"0";"0";"";"";"MSD";"";"";"";"";"";"";"";"";"";"";"";"1825";"";"";"";"";"";"";"";"";"";"";"";"";"";"";"";"";"";"";"";"";"";"";"";"";"";"";"";"";"";"";"";"";"";"";"";"";"";"";"";"D_A";"";"";"Lynestrenol 0.5 mg Tablet, 28 Tablets/Cycle";"eng";"BASE_UNIT_OR_EACH";"http://someurl.com";"";"";"";"";"";"";"";"";"00366582508083";"";"";"";"";"";"";"";"";"";"";"";""
"00861783000102";"10000460,GDSN,GS1,Veru_Inc_";"1";"GS1_GDSN";"";"";"";"";"";"";"";"";"";"";"";"";"";"";"";"";"";"";"";"";"";"";"";"GS1_DATA_MATRIX";"";"";"Female Condoms";"";"";"";"";"";"";"";"";"";"";"";"";"";"";"";"";"";"10000460";"";"";"";"";"";"";"";"";"";"";"";"";"";"";"";"0";"";"";"";"";"";"";"";"";"";"";"";"";"";"0";"0";"0";"0";"0";"0";"";"";"Female Health Company";"";"";"";"";"";"";"";"";"";"";"";"1825";"";"";"";"";"";"";"";"";"";"";"";"";"";"";"";"";"";"";"";"";"";"";"";"";"";"";"";"";"";"";"";"";"";"";"";"";"";"";"";"D_A";"";"";"Female Condom (Nitrile), Inner Retention Ring";"eng";"BASE_UNIT_OR_EACH";"http://someurl.com";"";"";"";"";"";"";"";"";"00861783000102";"";"";"";"";"";"";"";"";"";"";"";""
"04057598000154";"10000463,GDSN,GS1";"1";"GS1_GDSN";"";"";"";"";"";"";"";"";"Jadelle";"";"";"";"";"";"";"";"";"";"";"";"";"";"";"GS1_DATA_MATRIX";"";"";"Implantable Contraceptives";"";"";"";"";"";"";"";"";"";"";"Parenteral Slow-Release";"";"";"";"";"";"";"10000463";"";"";"";"";"";"";"";"";"";"";"";"";"";"";"";"0";"";"";"";"";"";"";"75.0000";"";"";"";"";"";"";"0";"0";"0";"0";"0";"0";"";"";"Bayer Schering Pharma Oy";"";"";"";"";"";"";"";"";"";"";"";"1825";"";"";"";"";"";"";"";"";"";"";"";"";"";"";"";"";"";"";"";"";"";"";"";"";"";"";"";"";"";"";"";"";"";"";"";"";"";"";"";"D_A";"";"";"Levonorgestrel 75mg/rod, 2 Rod Implant, 5 Year Efficacy";"eng";"BASE_UNIT_OR_EACH";"http://someurl.com";"";"";"";"";"";"";"";"";"04057598000154";"";"";"";"";"";"";"";"";"";"";"";""
"04057598000161";"10000463,GDSN,GS1";"1";"GS1_GDSN";"";"";"";"";"";"";"";"";"Jadelle";"";"";"";"";"";"";"";"";"";"";"";"";"";"";"GS1_DATA_MATRIX";"";"";"Implantable Contraceptives";"";"";"";"";"";"";"";"";"";"";"Parenteral Slow-Release";"";"";"";"";"";"";"10000463";"";"";"";"";"";"";"";"";"";"";"";"";"";"";"";"0";"";"";"";"";"";"";"75.0000";"";"";"";"";"";"";"0";"0";"0";"0";"0";"0";"";"";"Bayer Schering Pharma Oy";"";"";"";"";"";"";"";"";"";"";"";"1825";"";"";"";"";"";"";"";"";"";"";"";"";"";"";"";"";"";"";"";"";"";"";"";"";"";"";"";"";"";"";"";"";"";"";"";"";"";"";"";"D_A";"";"";"Levonorgestrel 75mg/rod, 2 Rod Implant, 5 Year Efficacy";"eng";"BASE_UNIT_OR_EACH";"http://someurl.com";"";"";"";"";"";"";"";"";"04057598000161";"";"";"";"";"";"";"";"";"";"";"";""
"04057598008235";"10000463,GDSN,GS1";"1";"GS1_GDSN";"";"";"";"";"";"";"";"";"Microgynon ED FE";"";"";"";"";"";"";"";"";"";"";"";"";"";"";"GS1_DATA_MATRIX";"";"";"Combined Oral Contraceptives";"";"";"";"";"";"";"";"";"";"";"Oral Solid";"";"";"";"";"";"";"10000463";"";"";"";"";"";"";"";"";"";"";"";"";"";"";"";"0";"";"";"";"";"";"";"";"";"";"";"";"";"";"0";"0";"0";"0";"0";"0";"";"";"Bayer Weimar GmbH and Co. KG";"";"";"";"";"";"";"";"";"";"";"";"1825";"";"";"";"";"";"";"";"";"";"";"";"";"";"";"";"";"";"";"";"";"";"";"";"";"";"";"";"";"";"";"";"";"";"";"";"";"";"";"";"D_A";"";"";"Levonorgestrel/Ethinyl Estradiol 150/30 mcg + Ferrous Fumarate 75 mg, 28 Tablets/Cycle";"eng";"BASE_UNIT_OR_EACH";"http://someurl.com";"";"";"";"";"";"";"";"";"04057598008235";"";"";"";"";"";"";"";"";"";"";"";""
"04057598008242";"10000463,GDSN,GS1";"1";"GS1_GDSN";"";"";"";"";"";"";"";"";"Combination 3";"";"";"";"";"";"";"";"";"";"";"";"";"";"";"GS1_DATA_MATRIX";"";"";"Combined Oral Contraceptives";"";"";"";"";"";"";"";"";"";"";"Oral Solid";"";"";"";"";"";"";"10000463";"";"";"";"";"";"";"";"";"";"";"";"";"";"";"";"0";"";"";"";"";"";"";"";"";"";"";"";"";"";"0";"0";"0";"0";"0";"0";"";"";"Bayer Weimar GmbH and Co. KG";"";"";"";"";"";"";"";"";"";"";"";"1095";"";"";"";"";"";"";"";"";"";"";"";"";"";"";"";"";"";"";"";"";"";"";"";"";"";"";"";"";"";"";"";"";"";"";"";"";"";"";"";"D_A";"";"";"Levonorgestrel/Ethinyl Estradiol 150/30 mcg + Ferrous Fumarate 75 mg, 28 Tablets/Cycle";"eng";"BASE_UNIT_OR_EACH";"http://someurl.com";"";"";"";"";"";"";"";"";"04057598008242";"";"";"";"";"";"";"";"";"";"";"";""
"04057598008259";"10000463,GDSN,GS1";"1";"GS1_GDSN";"";"";"";"";"";"";"";"";"Combination 3";"";"";"";"";"";"";"";"";"";"";"";"";"";"";"GS1_DATA_MATRIX";"";"";"Combined Oral Contraceptives";"";"";"";"";"";"";"";"";"";"";"Oral Solid";"";"";"";"";"";"";"10000463";"";"";"";"";"";"";"";"";"";"";"";"";"";"";"";"0";"";"";"";"";"";"";"";"";"";"";"";"";"";"0";"0";"0";"0";"0";"0";"";"";"Bayer Weimar GmbH and Co. KG";"";"";"";"";"";"";"";"";"";"";"";"1095";"";"";"";"";"";"";"";"";"";"";"";"";"";"";"";"";"";"";"";"";"";"";"";"";"";"";"";"";"";"";"";"";"";"";"";"";"";"";"";"D_A";"";"";"Levonorgestrel/Ethinyl Estradiol 150/30 mcg + Ferrous Fumarate 75 mg, 28 Tablets/Cycle";"eng";"BASE_UNIT_OR_EACH";"http://someurl.com";"";"";"";"";"";"";"";"";"04057598008259";"";"";"";"";"";"";"";"";"";"";"";""
"04057598008266";"10000463,GDSN,GS1";"1";"GS1_GDSN";"";"";"";"";"";"";"";"";"Microgynon ED Fe";"";"";"";"";"";"";"";"";"";"";"";"";"";"";"GS1_DATA_MATRIX";"";"";"Combined Oral Contraceptives";"";"";"";"";"";"";"";"";"";"";"Oral Solid";"";"";"";"";"";"";"10000463";"";"";"";"";"";"";"";"";"";"";"";"";"";"";"";"0";"";"";"";"";"";"";"";"";"";"";"";"";"";"0";"0";"0";"0";"0";"0";"";"";"Bayer Weimar GmbH and Co. KG";"";"";"";"";"";"";"";"";"";"";"";"1095";"";"";"";"";"";"";"";"";"";"";"";"";"";"";"";"";"";"";"";"";"";"";"";"";"";"";"";"";"";"";"";"";"";"";"";"";"";"";"";"D_A";"";"";"Levonorgestrel/Ethinyl Estradiol 150/30 mcg + Ferrous Fumarate 75 mg, 28 Tablets/Cycle";"eng";"BASE_UNIT_OR_EACH";"http://someurl.com";"";"";"";"";"";"";"";"";"04057598008266";"";"";"";"";"";"";"";"";"";"";"";""
"04057598008402";"10000463,GDSN,GS1";"1";"GS1_GDSN";"";"";"";"";"";"";"";"";"Noristerat";"";"";"";"";"";"";"";"";"";"";"";"";"";"";"GS1_DATA_MATRIX";"";"";"Injectable Contraceptives";"";"";"";"";"";"";"";"";"";"";"Parenteral";"";"";"";"";"";"";"10000463";"";"";"";"";"";"";"";"";"";"";"";"";"";"";"";"0";"";"";"";"";"";"";"200.0000";"";"";"";"";"";"";"0";"0";"0";"0";"0";"0";"";"";"Bayer AG";"";"";"";"";"";"";"";"";"";"";"";"1825";"";"";"";"";"";"";"";"";"";"";"";"";"";"";"";"";"";"";"";"";"";"";"";"";"";"";"";"";"";"";"";"";"";"";"";"";"";"";"";"D_A";"";"";"Norethisterone Enantate 200 mg/mL (1 mL) Ampoule, Intramuscular";"eng";"BASE_UNIT_OR_EACH";"http://someurl.com";"";"";"";"";"";"";"";"";"04057598008402";"";"";"";"";"";"";"";"";"";"";"";""
"04057598008464";"10000463,GDSN,GS1";"1";"GS1_GDSN";"";"";"";"";"";"";"";"";"Microlut 35";"";"";"";"";"";"";"";"";"";"";"";"";"";"";"GS1_DATA_MATRIX";"";"";"Progestogen Only Pills";"";"";"";"";"";"";"";"";"";"";"Oral Solid";"";"";"";"";"";"";"10000463";"";"";"";"";"";"";"";"";"";"";"";"";"";"";"";"0";"";"";"";"";"";"";"30.0000";"";"";"";"";"";"";"0";"0";"0";"0";"0";"0";"";"";"Bayer Weimar GmbH and Co. KG";"";"";"";"";"";"";"";"";"";"";"";"1825";"";"";"";"";"";"";"";"";"";"";"";"";"";"";"";"";"";"";"";"";"";"";"";"";"";"";"";"";"";"";"";"";"";"";"";"";"";"";"";"D_A";"";"";"Levonorgestrel 30 mcg Tablet, 35 Tablets/Cycle";"eng";"BASE_UNIT_OR_EACH";"http://someurl.com";"";"";"";"";"";"";"";"";"04057598008464";"";"";"";"";"";"";"";"";"";"";"";""
"05415062102671";"10000463,GDSN,GS1";"1";"GS1_GDSN";"";"";"";"";"";"";"";"";"Depo-Provera";"";"";"";"";"";"";"";"";"";"";"";"";"";"";"GS1_DATA_MATRIX";"";"";"Injectable Contraceptives";"";"";"";"";"";"";"";"";"";"";"Parenteral";"";"";"";"";"";"";"10000463";"";"";"";"";"";"";"";"";"";"";"";"";"";"";"";"0";"";"";"";"";"";"";"160.0000";"";"";"";"";"";"";"0";"0";"0";"0";"0";"0";"";"";"Pfizer Manufacturing Belgium NV";"";"";"";"";"";"";"";"";"";"";"";"1095";"";"";"";"";"";"";"";"";"";"";"";"";"";"";"";"";"";"";"";"";"";"";"";"";"";"";"";"";"";"";"";"";"";"";"";"";"";"";"";"D_A";"";"";"Depot Medroxyprogesterone Acetate 104 mg/0.65 mL, Subcutaneous, Pre-Filled Device";"eng";"BASE_UNIT_OR_EACH";"http://someurl.com";"";"";"";"";"";"";"";"";"05415062102756";"";"";"";"";"";"";"";"";"";"";"";""
"05415062102756";"10000463,GDSN,GS1";"1";"GS1_GDSN";"";"";"";"";"";"";"";"";"Depo-Provera";"";"";"";"";"";"";"";"";"";"";"";"";"";"";"GS1_DATA_MATRIX";"";"";"Injectable Contraceptives";"";"";"";"";"";"";"";"";"";"";"Vaginal";"";"";"";"";"";"";"10000464";"";"";"";"";"";"";"";"";"";"";"";"";"";"";"";"0";"";"";"";"";"";"";"";"";"";"";"";"";"";"0";"0";"0";"0";"0";"0";"";"";"SMB Corporation of India";"";"";"";"";"";"";"";"";"";"";"";"2555";"";"";"";"";"";"";"";"";"";"";"";"";"";"";"";"";"";"";"";"";"";"";"";"";"";"";"";"";"";"";"";"";"";"";"";"";"";"";"";"D_A";"";"";"TCu380A Intrauterine Device";"eng";"BASE_UNIT_OR_EACH";"http://someurl.com";"";"";"";"";"";"";"";"";"08906028600012";"";"";"";"";"";"";"";"";"";"";"";""
"08500154008250";"10000460,GDSN,GS1";"1";"GS1_GDSN";"";"";"";"";"";"";"";"";"";"";"";"";"";"";"";"";"";"";"";"";"";"";"";"GS1_DATA_MATRIX";"";"";"Female Condoms";"";"";"";"";"";"";"";"";"";"";"";"";"";"";"";"";"";"10000460";"";"";"";"";"";"";"";"";"";"";"";"";"";"";"";"0";"";"";"";"";"";"";"";"";"";"";"";"";"";"0";"0";"0";"0";"0";"0";"";"";"Female Health Company";"";"";"";"";"";"";"";"";"";"";"";"";"";"";"";"";"";"";"";"";"";"";"";"";"";"";"";"";"";"";"";"";"";"";"";"";"";"";"";"";"";"";"";"";"";"";"";"";"";"";"";"D_A";"";"";"Female Condom (Nitrile), Inner Retention Ring";"eng";"BASE_UNIT_OR_EACH";"http://someurl.com";"";"";"";"";"";"";"";"";"10861783000109";"";"";"";"";"";"";"";"";"";"";"";""
"08904045300038";"10000464,GDSN,GS1";"1";"GS1_GDSN";"";"";"";"";"";"";"";"";"Pregna T Cu 380A";"";"";"";"";"";"";"";"";"";"";"";"";"";"";"GS1_DATA_MATRIX";"";"";"Copper-bearing Intrauterine Devices";"";"";"";"";"";"";"";"";"";"";"Vaginal";"";"";"";"";"";"";"10000464";"";"";"";"";"";"";"";"";"";"";"";"";"";"";"";"0";"";"";"";"";"";"";"";"";"";"";"";"";"";"0";"0";"0";"0";"0";"0";"";"";"Pregna International Ltd.";"";"";"";"";"";"";"";"";"";"";"";"2555";"";"";"";"";"";"";"";"";"";"";"";"";"";"";"";"";"";"";"";"";"";"";"";"";"";"";"";"";"";"";"";"";"";"";"";"";"";"";"";"D_A";"";"";"TCu380A Intrauterine Device";"eng";"BASE_UNIT_OR_EACH";"http://someurl.com";"";"";"";"";"";"";"";"";"28904045300032";"";"";"";"";"";"";"";"";"";"";"";""
"08906028600012";"10000464,GDSN,GS1";"1";"GS1_GDSN";"";"";"";"";"";"";"";"";"";"";"";"";"";"";"";"";"";"";"";"";"";"";"";"GS1_DATA_MATRIX";"";"";"Copper-bearing Intrauterine Devices";"";"";"";"";"";"";"";"";"";"";"Vaginal";"";"";"";"";"";"";"10000464";"";"";"";"";"";"";"";"";"";"";"";"";"";"";"";"0";"";"";"";"";"";"";"";"";"";"";"";"";"";"0";"0";"0";"0";"0";"0";"";"";"SMB Corporation of India";"";"";"";"";"";"";"";"";"";"";"";"2555";"";"";"";"";"";"";"";"";"";"";"";"";"";"";"";"";"";"";"";"";"";"";"";"";"";"";"";"";"";"";"";"";"";"";"";"";"";"";"";"D_A";"";"";"TCu380A Intrauterine Device";"eng";"BASE_UNIT_OR_EACH";"http://someurl.com";"";"";"";"";"";"";"";"";"28906028600016";"";"";"";"";"";"";"";"";"";"";"";""
"10861783000109";"10000460,GDSN,GS1";"1";"GS1_GDSN";"";"";"";"";"";"";"";"";"";"";"";"";"";"";"";"";"";"";"";"";"";"";"";"GS1_DATA_MATRIX";"";"";"Female Condoms";"";"";"";"";"";"";"";"";"";"";"";"";"";"";"";"";"";"10000460";"";"";"";"";"";"";"";"";"";"";"";"";"";"";"";"0";"";"";"";"";"";"";"";"";"";"";"";"";"";"0";"0";"0";"0";"0";"0";"";"";"Female Health Company";"";"";"";"";"";"";"";"";"";"";"";"1825";"";"";"";"";"";"";"";"";"";"";"";"";"";"";"";"";"";"";"";"";"";"";"";"";"";"";"";"";"";"";"";"";"";"";"";"";"";"";"";"D_A";"";"";"Female Condom (Nitrile), Inner Retention Ring";"eng";"BASE_UNIT_OR_EACH";"http://someurl.com";"";"";"";"";"";"";"";"";"40861783000100";"";"";"";"";"";"";"";"";"";"";"";""
"28904045300032";"10000464,GDSN,GS1";"1";"GS1_GDSN";"";"";"";"";"";"";"";"";"Pregna T Cu 380A";"";"";"";"";"";"";"";"";"";"";"";"";"";"";"GS1_DATA_MATRIX";"";"";"Copper-bearing Intrauterine Devices";"";"";"";"";"";"";"";"";"";"";"Vaginal";"";"";"";"";"";"";"10000464";"";"";"";"";"";"";"";"";"";"";"";"";"";"";"";"0";"";"";"";"";"";"";"";"";"";"";"";"";"";"0";"0";"0";"0";"0";"0";"";"";"SMB Corporation of India";"";"";"";"";"";"";"";"";"";"";"";"2555";"";"";"";"";"";"";"";"";"";"";"";"";"";"";"";"";"";"";"";"";"";"";"";"";"";"";"";"";"";"";"";"";"";"";"";"";"";"";"";"D_A";"";"";"TCu380A Intrauterine Device";"eng";"BASE_UNIT_OR_EACH";"http://someurl.com";"";"";"";"";"";"";"";"";"58906028600017";"";"";"";"";"";"";"";"";"";"";"";""
